C[PPB],C_STDEV[PPB],VALVE_ID,DATE_TIME,TIME_NORM_GLOBAL[h],TREATMENT,Q[L/min],F[mg/h m2],F_STDEV[mg/h m2]
4375.36746678,9.680462476322548,1.0,2026-04-14 08:17:07.032,0.2519533333333333,HD_STD,1.2530339467369456,67.26211507766548,0.14881684476358284
1121.30268899,13.017553942381038,2.0,2026-04-14 08:32:06.653,0.5018480555555556,LD,1.2615652416934524,17.355044360999052,0.20148014301581313
3428.39704088,20.401149968436957,3.0,2026-04-14 08:47:06.697,0.7518602777777779,HD,1.2615652416934524,53.063265892266955,0.3157602904141215
1366.1015333433331,8.200614005854689,4.0,2026-04-14 09:02:06.377,1.0017713888888888,F,1.2541003586065087,21.01882432516133,0.1261745638522736
1996.1872986866667,7.052479289702943,5.0,2026-04-14 09:17:05.776,1.2516044444444443,HD,1.2604988298238888,30.870018114501026,0.10906299402291021
61.15645604170001,0.3439806640330034,11.0,2026-04-14 09:47:04.864,1.751351111111111,BACKGROUND,1.2700965366499595,0.9529545584580722,0.00535998916595451
1424.7339515833332,4.159029648978489,6.0,2026-04-14 10:02:06.405,2.0017791666666667,LD,1.2615652416934524,22.051423915358807,0.064371685509599
5795.506777389999,15.555236434995992,7.0,2026-04-14 10:17:04.355,2.2512097222222223,HD_STD,1.2626316535630155,89.77620442442986,0.24096082356536352
3186.407959643333,17.9549533068927,8.0,2026-04-14 10:32:05.598,2.501555,F,1.2626316535630155,49.35955100261289,0.2781340131978281
2669.0347605199995,4.081032012799845,9.0,2026-04-14 10:47:04.627,2.751285277777778,HD,1.2285064737369882,40.227665370948806,0.061509273917083426
1539.8682960766666,2.024435774208176,10.0,2026-04-14 11:02:04.421,3.0012280555555555,LD,1.2636980654325791,23.87371734496589,0.03138632542771495
70.24664595043335,0.2366697119649083,12.0,2026-04-14 11:32:04.459,3.501238611111112,BACKGROUND,1.2679637129108325,1.092761957358527,0.0036816513328869704
3953.606042290001,112.89724346308452,17.0,2026-04-14 11:47:05.036,3.7513988888888887,F,1.2604988298238888,61.14050030445084,1.7458982697042498
3046.913497066667,10.822959848312166,18.0,2026-04-14 12:02:02.430,4.000675,LD,1.2636980654325791,47.238553965208425,0.16779635304710186
2702.59681822,23.89791738418636,19.0,2026-04-14 12:17:03.914,4.251087222222222,F,1.5228361497364749,50.49258304306767,0.4464844959271959
3292.67088729,22.51872986780678,20.0,2026-04-14 12:32:03.686,4.501023888888889,HD,1.2636980654325791,51.048712590187485,0.3491245278582539
1273.54118667,1.3289542328891866,21.0,2026-04-14 12:47:02.141,4.750594722222222,F,1.2626316535630155,19.727988993726445,0.020586373455385977
65.98652558766668,0.525572565425443,27.0,2026-04-14 13:17:03.243,5.250900833333333,BACKGROUND,1.272229360389086,1.0299445062672727,0.00820335017769001
2979.10722328,10.221061129182123,22.0,2026-04-14 13:32:03.532,5.500981111111111,HD,1.2626316535630155,46.14832651441193,0.15833094647527826
2144.5006227833337,4.736378795408014,23.0,2026-04-14 13:47:02.526,5.750701666666667,LD,1.2626316535630155,33.21972239777403,0.07336961672221175
2822.7316841299994,21.27820544770831,24.0,2026-04-14 14:02:02.956,6.000821111111111,HD,1.2626316535630155,43.72596676073509,0.3296133703977428
4748.326608123333,12.00817687218857,25.0,2026-04-14 14:17:02.109,6.250585833333333,F,1.2626316535630155,73.55469618427706,0.1860145424810995
2117.7617239599995,4.756322530692374,26.0,2026-04-14 14:32:03.094,6.500859444444445,LD,1.2658308891717058,32.888641395159276,0.07386524380993705
72.97552397996667,0.5288929002060093,28.0,2026-04-14 15:02:00.878,7.000243888888889,BACKGROUND,1.2732957722586493,1.1399863957638463,0.008262094989772921
912.7716111826668,1.3238429563398428,1.0,2026-04-14 15:17:02.829,7.250785833333333,HD_STD,1.2530339467369456,14.031952657036499,0.020351314021086926
665.7314595393333,0.7640708673052781,2.0,2026-04-14 15:32:03.276,7.50091,LD,1.2615652416934524,10.303907344790833,0.011825962719285316
1220.0735195533334,3.1741914550564867,3.0,2026-04-14 15:47:02.997,7.7508325,HD,1.2615652416934524,18.883777113386714,0.04912878034960347
551.5849570186666,1.6320038707703777,4.0,2026-04-14 16:02:02.686,8.000746111111111,F,1.2541003586065087,8.486680549726941,0.025109994989724365
871.9808485323335,1.9038795946368576,5.0,2026-04-14 16:17:02.338,8.250649444444445,HD,1.2604988298238888,13.48473893577074,0.029442526566989237
64.15477470646667,0.492462812076218,11.0,2026-04-14 16:47:02.165,8.750601388888889,BACKGROUND,1.2700965366499595,0.9996750786489585,0.007673673590881732
605.0194588256668,4.3915056845789895,6.0,2026-04-14 17:02:01.608,9.000446666666667,LD,1.2615652416934524,9.364232914348008,0.06796985034977256
1243.9661753333337,4.503895349357196,7.0,2026-04-14 17:17:00.865,9.250240277777776,HD_STD,1.2626316535630155,19.26985265369595,0.06976829552983906
1439.018731786667,4.667191242126193,8.0,2026-04-14 17:32:00.759,9.500210833333332,F,1.2626316535630155,22.291344794810865,0.07229785610391906
852.5901444073334,4.195935627635517,9.0,2026-04-14 17:47:00.642,9.750178333333333,HD,1.2285064737369882,12.850230178757586,0.06324110005733995
739.6243966,0.8836020710430855,10.0,2026-04-14 18:02:00.663,10.000184166666669,LD,1.2636980654325791,11.466944173640039,0.013699136571131032
64.1048800988,0.4614814360206095,12.0,2026-04-14 18:32:00.539,10.500149722222222,BACKGROUND,1.2679637129108325,0.9972201989889631,0.007178838939389877
568.2072399196666,0.7313945000824863,17.0,2026-04-14 18:47:00.341,10.750094722222222,F,1.2604988298238888,8.787035064620962,0.011310642784495931
616.0633213843333,1.5880827103501112,18.0,2026-04-14 19:01:59.328,10.999813333333334,LD,1.2636980654325791,9.551285417592744,0.024621221077103243
558.7977200483333,2.105881946240933,19.0,2026-04-14 19:17:00.369,11.2501025,F,1.5228361497364749,10.440010916019862,0.03934416644488611
504.74668671699993,1.8195571104917692,20.0,2026-04-14 19:31:58.658,11.499627222222225,HD,1.2636980654325791,7.825461281456081,0.028209939940695167
448.244408125,1.0441151348410465,21.0,2026-04-14 19:46:58.609,11.74961361111111,F,1.2626316535630155,6.94360013052394,0.0161740288448675
47.08025985196665,0.2969362008265586,27.0,2026-04-14 20:16:59.259,12.249794166666666,BACKGROUND,1.272229360389086,0.7348478277394229,0.0046347008882424165
642.198624457,3.4093472923235577,22.0,2026-04-14 20:31:58.993,12.499720277777778,HD,1.2626316535630155,9.948078262157395,0.05281302761367112
318.7531196123334,2.61952020841632,23.0,2026-04-14 20:46:58.825,12.74967361111111,LD,1.2626316535630155,4.937695067303325,0.04057808760437987
547.1888478246667,1.590695114064028,24.0,2026-04-14 21:01:58.009,12.999446944444443,HD,1.2626316535630155,8.47631445324592,0.024640911523783383
635.8372392586666,1.1495331576707783,25.0,2026-04-14 21:16:58.973,13.249714722222222,F,1.2626316535630155,9.849536229523396,0.017807023219837993
440.67671096966666,1.7734786701763223,26.0,2026-04-14 21:31:56.944,13.499151111111113,LD,1.2658308891717058,6.843668083290643,0.027541957787548865
45.961986567966655,0.3281994676896213,28.0,2026-04-14 22:01:56.678,13.999077222222224,BACKGROUND,1.2732957722586493,0.7179946994850829,0.005126964602074178
370.4806042753333,1.827672142137792,1.0,2026-04-14 22:16:57.831,14.2493975,HD_STD,1.2530339467369456,5.695363698708851,0.02809663299873341
281.0231139656667,2.96798796436678,2.0,2026-04-14 22:31:57.950,14.499430555555556,LD,1.2615652416934524,4.3495557954411845,0.045937250744393886
470.0639559553334,1.0850104857305838,3.0,2026-04-14 22:46:57.733,14.749370277777778,HD,1.2615652416934524,7.2754492504247175,0.0167933291312845
263.71914771800004,2.509215237359488,4.0,2026-04-14 23:01:56.571,14.9990475,F,1.2541003586065087,4.057580129860531,0.03860676017177274
415.5661344193333,1.5574268489106442,5.0,2026-04-14 23:16:57.148,15.249207777777778,HD,1.2604988298238888,6.426518245927197,0.024084811615379592
51.02176171003333,0.3525529129759217,11.0,2026-04-14 23:46:56.171,15.74893638888889,BACKGROUND,1.2700965366499595,0.7950333218946646,0.00549356400392127
250.87163814699997,2.333164111721923,6.0,2026-04-15 00:01:57.230,15.999230555555556,LD,1.2615652416934524,3.882884123714534,0.03611171814534553
625.0083575063333,1.0204806899604175,7.0,2026-04-15 00:16:56.257,16.248960277777776,HD_STD,1.2626316535630155,9.681789742593521,0.015807915778907666
543.0542254443333,1.116014294289959,8.0,2026-04-15 00:31:55.461,16.498739166666667,F,1.2626316535630155,8.412266438414365,0.01728779402271398
386.8660557616666,3.09975030809767,9.0,2026-04-15 00:46:55.384,16.748717777777777,HD,1.2285064737369882,5.830841345628301,0.04671940582120948
320.6401362603333,1.584606238202403,10.0,2026-04-15 01:01:55.398,16.99872166666667,LD,1.2636980654325791,4.971121232922264,0.024567322757601838
51.54649123146667,0.2448774637588352,12.0,2026-04-15 01:31:55.709,17.498808055555557,BACKGROUND,1.2679637129108325,0.8018609841216795,0.003809331719537362
401.1573373473333,4.223875453445394,17.0,2026-04-15 01:46:55.605,17.74877916666667,F,1.2604988298238888,6.203693550612558,0.06532007885584813
332.422741824,0.6896353961293328,18.0,2026-04-15 02:01:54.086,17.99835722222222,LD,1.2636980654325791,5.153795683413188,0.010691927718898602
371.6827203426665,0.4414462475278018,19.0,2026-04-15 02:16:54.321,18.2484225,F,1.5228361497364749,6.944143682865711,0.008247534801372539
311.9257807076666,1.9446152897519349,20.0,2026-04-15 02:31:55.032,18.498620000000003,HD,1.2636980654325791,4.836016132156204,0.030148809408259435
282.277122789,2.040249513712244,21.0,2026-04-15 02:46:55.453,18.74873694444444,F,1.2626316535630155,4.3726579319535865,0.03160480428294187
39.83905325203333,0.2718745764605245,27.0,2026-04-15 03:16:52.668,19.24796333333333,BACKGROUND,1.272229360389086,0.6218241325239621,0.004243528870863837
420.8280642709999,0.4678624391600145,22.0,2026-04-15 03:31:53.684,19.498245555555552,HD,1.2626316535630155,6.518902966850597,0.007247496309452651
292.5445741853333,0.470359922680224,23.0,2026-04-15 03:46:53.997,19.7483325,LD,1.2626316535630155,4.531707494119787,0.007286183968646097
415.5336928853333,1.333468151972427,24.0,2026-04-15 04:01:53.915,19.99830972222222,HD,1.2626316535630155,6.436889678612754,0.020656297025133715
523.6908021813332,0.6908766523980596,25.0,2026-04-15 04:16:53.223,20.2481175,F,1.2626316535630155,8.11231430101065,0.010702132869506633
319.80981574333333,0.3739679252859344,26.0,2026-04-15 04:31:52.615,20.497948611111116,LD,1.2658308891717058,4.966616511024033,0.005807686884161065
40.68401329513333,0.2979952978913501,28.0,2026-04-15 05:01:52.230,20.997841666666663,BACKGROUND,1.2732957722586493,0.6355448943985594,0.004655130474856086
201.61964143766667,3.4889839520463783,1.0,2026-04-15 05:16:54.048,21.248346666666663,HD_STD,1.2530339467369456,3.0994799013483356,0.05363582416070278
177.22932498766664,0.2111613627753251,2.0,2026-04-15 05:31:53.065,21.498073611111117,LD,1.2615652416934524,2.743079836900581,0.003268265432945433
260.6016806323333,0.924676912439602,3.0,2026-04-15 05:46:53.460,21.748183333333333,HD,1.2615652416934524,4.033481567763712,0.014311754526724446
163.24796419366666,0.7024119621829273,4.0,2026-04-15 06:01:53.538,21.998205,F,1.2541003586065087,2.5117315200059482,0.010807303320187627
272.1317145356667,1.006979583276211,5.0,2026-04-15 06:16:52.171,22.24782527777778,HD,1.2604988298238888,4.20837812302145,0.015572425491897034
45.87120183083333,0.3410909873893682,11.0,2026-04-15 06:46:52.144,22.74781777777778,BACKGROUND,1.2700965366499595,0.7147760631655424,0.005314961531780542
138.42969895366667,1.1993020198626436,6.0,2026-04-15 07:01:52.704,22.99797333333333,LD,1.2615652416934524,2.142555787844057,0.01856228470806563
423.2513076856667,0.5735286693613624,7.0,2026-04-15 07:16:52.476,23.24791,HD_STD,1.2626316535630155,6.556440598074495,0.008884335579544442
310.11901754266665,1.1608029036226764,8.0,2026-04-15 07:31:51.657,23.497682500000003,F,1.2626316535630155,4.803947158414351,0.017981598982623078
248.3078165993333,1.8728700428010123,9.0,2026-04-15 07:46:52.275,23.747854166666663,HD,1.2285064737369882,3.7424929427306566,0.02822787866217044
205.50453726633336,0.4541741904641744,10.0,2026-04-15 08:01:51.325,23.99759027777778,LD,1.2636980654325791,3.1860888676678,0.007041398459950212
45.05989451863333,0.2838323125743369,12.0,2026-04-15 08:31:49.950,24.497208333333333,BACKGROUND,1.2679637129108325,0.7009550116783444,0.004415316194159393
244.894641401,1.4232774458052126,17.0,2026-04-15 08:46:52.365,24.747879166666667,F,1.2604988298238888,3.7871706834157894,0.02201025953971077
186.9492332896667,1.652265247013215,18.0,2026-04-15 09:01:51.760,24.99771111111111,LD,1.2636980654325791,2.898412263429949,0.025616290423411524
234.310974965,0.3064232098827946,19.0,2026-04-15 09:16:49.953,25.247209166666664,F,1.5228361497364749,4.377629057194921,0.005724901053321258
203.57306835833336,0.5247943805782684,20.0,2026-04-15 09:31:50.628,25.497396666666667,HD,1.2636980654325791,3.1561438763411607,0.008136275510102623
172.15968003499998,0.6969254935976849,21.0,2026-04-15 09:46:49.088,25.74696888888889,F,1.2626316535630155,2.666866457436379,0.010795833390432094
33.91770510373333,0.1598021773166211,27.0,2026-04-15 10:16:49.963,26.247211944444444,BACKGROUND,1.272229360389086,0.5294013243714846,0.002494257322248908
224.5617454233333,1.1931750908430756,22.0,2026-04-15 10:31:49.707,26.497140833333333,HD,1.2626316535630155,3.478608849476857,0.018483065413290135
176.17596181466666,0.2807340943641548,23.0,2026-04-15 10:46:49.378,26.747049444444443,LD,1.2626316535630155,2.72908129867928,0.004348755408736457
237.676283709,1.3921929919814255,24.0,2026-04-15 11:01:49.473,26.997075833333334,HD,1.2626316535630155,3.6817616565202913,0.021565983346614314
291.7539433683333,1.2263080516354377,25.0,2026-04-15 11:16:49.812,27.24717,F,1.2626316535630155,4.51946010375728,0.018996316725994365
193.45006117566663,1.78770709871789,26.0,2026-04-15 11:31:47.779,27.49660527777777,LD,1.2658308891717058,3.0042613472025788,0.027762923951317867
34.10337399153333,0.2601005472131908,28.0,2026-04-15 12:01:47.433,27.99650916666667,BACKGROUND,1.2732957722586493,0.532745505337752,0.004063158017682315
52.16826769446667,5.951139232784988,1.0,2026-04-15 12:16:50.055,28.2472375,HD_STD,1.2530339467369456,0.8019779028183077,0.09148630714059308
121.69577430733334,0.6593643744257058,2.0,2026-04-15 12:31:49.124,28.496978888888886,LD,1.2615652416934524,1.8835552455084985,0.010205360319369186
171.20698931566668,1.2356780494366824,3.0,2026-04-15 12:46:48.677,28.74685472222222,HD,1.2615652416934524,2.64986869617057,0.019125297365694315
117.2446432683333,1.430100633921201,4.0,2026-04-15 13:01:48.943,28.996928611111112,F,1.2541003586065087,1.8039248912137482,0.02200351383701803
187.581942181,1.5818000113371384,5.0,2026-04-15 13:16:47.132,29.246425555555557,HD,1.2604988298238888,2.900859031059134,0.02446173013705768
41.1427523535,0.3428471867296606,11.0,2026-04-15 13:46:47.877,29.7466325,BACKGROUND,1.2700965366499595,0.641096229906548,0.005342327050896815
61.61074765376666,1.602005414351229,6.0,2026-04-15 14:01:47.378,29.99649388888889,LD,1.2615652416934524,0.9535848519266098,0.02479515594283409
294.913169786,0.8643377101292713,7.0,2026-04-15 14:16:47.335,30.246481944444447,HD_STD,1.2626316535630155,4.568398594831436,0.01338915852174273
229.95818310333337,0.349247440965607,8.0,2026-04-15 14:31:48.272,30.49674222222222,F,1.2626316535630155,3.562203211615031,0.00541007212296931
185.2525114203333,0.9199138591046716,9.0,2026-04-15 14:46:46.663,30.74629527777778,HD,1.2285064737369882,2.792124010064648,0.013864932537240958
156.25719637033333,0.5623933655751809,10.0,2026-04-15 15:01:47.377,30.99649361111111,LD,1.2636980654325791,2.4225709099711454,0.008719200389172418
42.07030296196667,0.2304066989298579,12.0,2026-04-15 15:31:45.907,31.49608527777778,BACKGROUND,1.2679637129108325,0.6544487069720563,0.003584223444472585
150.7325554606667,1.8248545322253296,17.0,2026-04-15 15:46:46.861,31.74635027777778,F,1.2604988298238888,2.331002066077264,0.028220444295576907
132.48680091566666,1.0350763827001654,18.0,2026-04-15 16:01:46.132,31.99614777777778,LD,1.2636980654325791,2.0540408845731033,0.016047554881150155
140.94421334533334,0.2541615034745419,19.0,2026-04-15 16:16:46.505,32.24625138888889,F,1.5228361497364749,2.6332590006770937,0.004748496236664543
138.81728944633335,0.3216547916294198,20.0,2026-04-15 16:31:47.257,32.49646027777778,HD,1.2636980654325791,2.1521871313798884,0.004986852185722475
116.65753404533336,0.68390021159901,21.0,2026-04-15 16:46:45.957,32.74609916666667,F,1.2626316535630155,1.8071017818428419,0.010594063221866179
30.048603037466677,0.2395647363432977,27.0,2026-04-15 17:16:45.832,33.24606444444444,BACKGROUND,1.272229360389086,0.4690108070370863,0.003739223756588636
133.77637796200003,0.4008720962746836,22.0,2026-04-15 17:31:45.605,33.496001388888885,HD,1.2626316535630155,2.0722839117246226,0.006209771922553637
115.22571156966669,0.5174253760624957,23.0,2026-04-15 17:46:45.546,33.745985,LD,1.2626316535630155,1.7849219117792903,0.008015258737510089
162.06886816866668,0.5698317399258301,24.0,2026-04-15 18:01:45.276,33.99591,HD,1.2626316535630155,2.5105531575443587,0.008827067715750052
190.6710112113333,0.7335448408533666,25.0,2026-04-15 18:16:44.736,34.245760000000004,F,1.2626316535630155,2.95361912906439,0.011363091118080858
136.95973929833332,0.287623239018776,26.0,2026-04-15 18:31:46.131,34.4961475,LD,1.2658308891717058,2.1269719347531604,0.004466761986478032
30.74160764873333,0.1762044444760638,28.0,2026-04-15 19:01:43.713,34.99547583333334,BACKGROUND,1.2732957722586493,0.4802297070602248,0.0027525759134114894
18.34236585416667,0.1667030668293941,1.0,2026-04-15 19:16:45.512,35.24597555555555,HD_STD,1.2530339467369456,0.28197547571645715,0.002562710663735495
81.55867118660002,0.3848378082074781,2.0,2026-04-15 19:31:45.118,35.49586611111111,LD,1.2615652416934524,1.2623302970427477,0.005956355316731066
132.65981720366665,0.7317933901561795,3.0,2026-04-15 19:46:45.726,35.746035,HD,1.2615652416934524,2.0532520211517946,0.011326385706508945
91.03443789933335,0.7514660695533346,4.0,2026-04-15 20:01:45.266,35.99590722222222,F,1.2541003586065087,1.400654937457716,0.011562049318256178
151.18121273633332,0.8207546833774947,5.0,2026-04-15 20:16:43.015,36.24528194444444,HD,1.2604988298238888,2.337940321939398,0.012692552427367094
37.3519621635,0.2203057668161196,11.0,2026-04-15 20:46:42.970,36.745269444444446,BACKGROUND,1.2700965366499595,0.5820272284383226,0.003432857270193552
38.29819137289999,1.257640715049749,6.0,2026-04-15 21:01:43.940,36.99553888888889,LD,1.2615652416934524,0.5927630574233271,0.019465226128679704
235.5086872156667,1.327144059618273,7.0,2026-04-15 21:16:43.835,37.24550972222222,HD_STD,1.2626316535630155,3.648184163926484,0.020558332683136834
171.11531681399998,0.5876096587147608,8.0,2026-04-15 21:31:44.628,37.49573,F,1.2626316535630155,2.6506885855740547,0.00910245934805088
144.66877663566666,0.8767012158175786,9.0,2026-04-15 21:46:44.710,37.745752777777774,HD,1.2285064737369882,2.1804463629354545,0.01321363200730381
116.54538917333336,0.3457354513454246,10.0,2026-04-15 22:01:44.756,37.99576555555555,LD,1.2636980654325791,1.806889385327458,0.005360192467488742
37.33160821713333,0.2777589982191359,12.0,2026-04-15 22:31:42.825,38.49522916666667,BACKGROUND,1.2679637129108325,0.5807332252629015,0.004320839272270111
110.99078367266668,0.1878573361570154,17.0,2026-04-15 22:46:43.740,38.74548333333333,F,1.2604988298238888,1.7164158417259296,0.002905117858391525
98.78948385606664,0.1760999180495517,18.0,2026-04-15 23:01:44.272,38.99563111111111,LD,1.2636980654325791,1.5316064498787385,0.002730207303246757
97.58595204910002,0.3880820975947157,19.0,2026-04-15 23:16:42.648,39.24518,F,1.5228361497364749,1.823197139305926,0.007250533045929885
104.88882386233333,0.2170324760552129,20.0,2026-04-15 23:31:42.296,39.49508222222222,HD,1.2636980654325791,1.6261690301146285,0.003364815030753942
92.71144589196666,0.2199171717057879,21.0,2026-04-15 23:46:41.954,39.74498722222222,F,1.2626316535630155,1.4361611570110266,0.0034066613536758985
26.740222685833327,0.2004518339994832,27.0,2026-04-16 00:16:42.519,40.24514416666667,BACKGROUND,1.272229360389086,0.41737226208474787,0.003128733682525554
84.15523636929998,1.223477951969478,22.0,2026-04-16 00:31:42.665,40.49518472222223,HD,1.2626316535630155,1.3036198548074063,0.018952476624358398
86.69689629143333,0.3730871364126422,23.0,2026-04-16 00:46:42.125,40.74503472222222,LD,1.2626316535630155,1.342991835466117,0.005779364654938885
113.13433030900002,0.9431574902949764,24.0,2026-04-16 01:01:41.588,40.99488555555556,HD,1.2626316535630155,1.7525250431707458,0.014610128657512586
135.03136501766664,0.2666059261981004,25.0,2026-04-16 01:16:42.298,41.24508277777778,F,1.2626316535630155,2.091724485049304,0.004129900809451589
102.311106268,0.2076768012587183,26.0,2026-04-16 01:31:41.569,41.494880277777774,LD,1.2658308891717058,1.5888819061751258,0.003225201289368831
27.78393704726667,0.169143117150147,28.0,2026-04-16 02:01:40.187,41.99449638888889,BACKGROUND,1.2732957722586493,0.43402648624130646,0.002642267461364053
16.576556517833335,0.1183439196878396,1.0,2026-04-16 02:16:42.776,42.24521555555556,HD_STD,1.2530339467369456,0.25482985384870627,0.0018192900151181093
44.01372428336667,1.0152279099906325,2.0,2026-04-16 02:31:42.552,42.49515333333333,LD,1.2615652416934524,0.6812256359776035,0.015713264212611648
94.99982608083334,0.3804210755423357,3.0,2026-04-16 02:46:41.559,42.7448775,HD,1.2615652416934524,1.4703667547655022,0.005887995013944969
76.36893962753332,0.3541244664535595,4.0,2026-04-16 03:01:40.578,42.994605,F,1.2541003586065087,1.1750117299125773,0.005448555446250409
135.44438715866667,0.6983012093194446,5.0,2026-04-16 03:16:40.553,43.24459805555556,HD,1.2604988298238888,2.0945783433480463,0.010798871927124146
36.21130441083334,0.3010218521698132,11.0,2026-04-16 03:46:41.227,43.74478527777778,BACKGROUND,1.2700965366499595,0.5642532258979683,0.00469059466142246
26.958447787633325,0.8177590112556646,6.0,2026-04-16 04:01:40.259,43.99451638888888,LD,1.2615652416934524,0.4172513468949913,0.01265692489307439
165.29649492166666,1.8074310212806937,7.0,2026-04-16 04:16:40.558,44.24459944444444,HD_STD,1.2626316535630155,2.560551214714017,0.027998293002191463
150.3572785326667,1.5096574042976771,8.0,2026-04-16 04:31:39.624,44.49434,F,1.2626316535630155,2.329132946045603,0.02338558420254645
141.2828726443333,0.684432278894003,9.0,2026-04-16 04:46:40.029,44.7444525,HD,1.2285064737369882,2.129414051645892,0.01031575650182228
117.794712923,0.7479759565332692,10.0,2026-04-16 05:01:40.239,44.99451083333334,LD,1.2636980654325791,1.8262585756328145,0.01159642458553267
35.728328830066665,0.2195705413944846,12.0,2026-04-16 05:31:38.688,45.49408,BACKGROUND,1.2679637129108325,0.5557924939653562,0.003415655386049479
84.01121780133332,0.4565106984004193,17.0,2026-04-16 05:46:38.716,45.74408777777777,F,1.2604988298238888,1.299190620566878,0.007059705037877059
89.17979100026669,0.3562961990969192,18.0,2026-04-16 06:01:39.200,45.99422222222223,LD,1.2636980654325791,1.382620272557062,0.00552392355242181
73.00586699776665,0.1737392446262067,19.0,2026-04-16 06:16:39.055,46.24418194444444,F,1.5228361497364749,1.363967713261702,0.0032459681658718203
85.44805942916668,0.2668114238721269,20.0,2026-04-16 06:31:39.556,46.49432111111111,HD,1.2636980654325791,1.3247644773811273,0.004136574883813248
75.04201602030001,0.2259577461625939,21.0,2026-04-16 06:46:38.193,46.7439425,F,1.2626316535630155,1.162450089255834,0.00350023381732841
25.8188625735,0.2325733861849942,27.0,2026-04-16 07:16:37.823,47.24383972222223,BACKGROUND,1.272229360389086,0.4029912990390306,0.0036300999222481085
69.7119165285,0.4064357117649081,22.0,2026-04-16 07:31:38.382,47.493995000000005,HD,1.2626316535630155,1.079883349200379,0.0062959559787155485
78.9293745424,0.4404801351805139,23.0,2026-04-16 07:46:36.737,47.743538055555554,LD,1.2626316535630155,1.2226678246077487,0.006823326445780675
96.60473209289998,0.5692416969179414,24.0,2026-04-16 08:01:37.756,47.99382111111111,HD,1.2626316535630155,1.496470715999276,0.00881792756222593
117.14211859000002,0.4055580318066842,25.0,2026-04-16 08:16:37.657,48.24379361111112,F,1.2626316535630155,1.8146083145437673,0.006282360140012343
97.40401451876669,0.9628365549248236,26.0,2026-04-16 08:31:36.565,48.49349027777778,LD,1.2658308891717058,1.5126752305100746,0.014952761596739115
27.613166134,0.2149065267345519,28.0,2026-04-16 09:01:34.905,48.993029166666666,BACKGROUND,1.2732957722586493,0.43135879017968437,0.003357160092546971
15.7535553697,0.1470224847229302,1.0,2026-04-16 09:16:36.716,49.24353222222222,HD_STD,1.2530339467369456,0.2421779341287989,0.0022601629146627475
21.02265435373333,1.1320528793175633,2.0,2026-04-16 09:31:37.273,49.49368694444444,LD,1.2615652416934524,0.32537966998333445,0.017521431217871832
90.13043187766668,2.2087205566712576,3.0,2026-04-16 09:46:37.657,49.74379361111112,HD,1.2615652416934524,1.395000349925013,0.03418563392245824
75.61782680129998,0.1967293604121203,4.0,2026-04-16 10:01:36.183,49.993384166666665,F,1.2541003586065087,1.1634551155924568,0.0030268759423641447
131.32497940333334,0.5317988830880013,5.0,2026-04-16 10:16:35.634,50.24323166666667,HD,1.2604988298238888,2.0308738041438237,0.008223998401852804
36.27396780703334,0.2462524389734819,11.0,2026-04-16 10:46:35.085,50.74307916666667,BACKGROUND,1.2700965366499595,0.5652296619592164,0.0038371645356818584
28.775881146200007,1.5616409461548395,6.0,2026-04-16 11:01:37.079,50.99363305555556,LD,1.2615652416934524,0.44538080459699236,0.02417041193478443
141.05905595599998,1.543329351472672,7.0,2026-04-16 11:16:36.246,51.24340166666667,HD_STD,1.2626316535630155,2.1850973745433273,0.023907184768133624
154.6796689016667,1.625769604150399,8.0,2026-04-16 11:31:34.924,51.49303444444445,F,1.2626316535630155,2.396089610281321,0.025184238399762776
133.34712337166667,0.8295157601367095,9.0,2026-04-16 11:46:35.436,51.74317666666666,HD,1.2285064737369882,2.009806517517567,0.012502453288471412
120.43823277166668,0.2676860237104837,10.0,2026-04-16 12:01:34.288,51.99285777777778,LD,1.2636980654325791,1.8672430194476985,0.004150134452111448
36.2754635722,0.2150758892633586,12.0,2026-04-16 12:31:35.973,52.49332583333333,BACKGROUND,1.2679637129108325,0.5643037619933609,0.003345736249071458
67.75260213233334,0.1665837799310902,17.0,2026-04-16 12:46:36.197,52.74338805555555,F,1.2604988298238888,1.0477594244316495,0.0025761331651785024
72.78392230076665,0.6117185785943217,18.0,2026-04-16 13:01:33.707,52.99269638888889,LD,1.2636980654325791,1.1284229909100938,0.00948392565600171
74.19176063873333,0.2817298584261538,19.0,2026-04-16 13:16:35.184,53.24310666666667,F,1.5228361497364749,1.3861237495387648,0.0052635554724227785
86.6650513058,0.4076586139570237,20.0,2026-04-16 13:31:34.710,53.492975,HD,1.2636980654325791,1.3436324027406459,0.006320233066455703
73.39343181413332,0.1834618493051348,21.0,2026-04-16 13:46:34.365,53.74287916666666,F,1.2626316535630155,1.1369124376942632,0.00284194447870514
26.255980239466663,0.1883171816438269,27.0,2026-04-16 14:16:34.463,54.24290638888888,BACKGROUND,1.272229360389086,0.4098140092006168,0.0029393310974088834
62.033642171366665,1.1868736387747842,22.0,2026-04-16 14:31:35.154,54.493098333333336,HD,1.2626316535630155,0.9609418390287184,0.018385451784183406
79.95693029693332,0.266752178075295,23.0,2026-04-16 14:46:34.753,54.742986944444446,LD,1.2626316535630155,1.2385853377812948,0.004132166347035929
92.55403046736666,0.2731665178095892,24.0,2026-04-16 15:01:34.250,54.992847222222224,HD,1.2626316535630155,1.4337226887491,0.004231528680193803
113.83413900466668,0.263645218696519,25.0,2026-04-16 15:16:33.717,55.24269916666667,F,1.2626316535630155,1.7633655392538954,0.004084037506704728
93.68807083043332,0.3616817590893639,26.0,2026-04-16 15:31:32.193,55.49227583333333,LD,1.2658308891717058,1.4549669727644032,0.00561688387285498
26.744043547200004,0.180088104106658,28.0,2026-04-16 16:01:32.526,55.99236833333334,BACKGROUND,1.2732957722586493,0.4177818006472067,0.0028132444623056364
14.733928682766669,0.1524694768247234,1.0,2026-04-16 16:16:34.845,56.2430125,HD_STD,1.2530339467369456,0.22650330838056643,0.002343899015083949
13.355574252333335,0.3406123531686535,2.0,2026-04-16 16:31:35.292,56.493136666666665,LD,1.2615652416934524,0.20671187707989955,0.005271852602503637
99.29249560763331,0.9386364674459912,3.0,2026-04-16 16:46:34.255,56.74284861111112,HD,1.2615652416934524,1.5368068612561294,0.014527814560089669
76.71208644413335,0.2146958385537832,4.0,2026-04-16 17:01:33.230,56.99256388888889,F,1.2541003586065087,1.1802913833496118,0.003303307992679804
131.9660653296667,0.930118127501278,5.0,2026-04-16 17:16:32.523,57.24236749999999,HD,1.2604988298238888,2.0407878709109464,0.0143838022932422
37.18616852133334,0.2127101539209797,11.0,2026-04-16 17:46:31.368,57.74204666666666,BACKGROUND,1.2700965366499595,0.5794437921620551,0.0033145006092423187
28.221871117833334,1.0573058495211376,6.0,2026-04-16 18:01:31.828,57.99217444444445,LD,1.2615652416934524,0.436806073872497,0.01636452859852794
117.534365429,0.2162642298863271,7.0,2026-04-16 18:16:33.161,58.24254472222222,HD_STD,1.2626316535630155,1.8206844755691125,0.003350074886929991
149.04695024499998,1.4557221881975255,8.0,2026-04-16 18:31:31.332,58.49203666666666,F,1.2626316535630155,2.3088351007086576,0.022550092299547818
132.455006634,0.7465133789941338,9.0,2026-04-16 18:46:31.237,58.74201027777777,HD,1.2285064737369882,1.9963605429182378,0.011251442225226602
109.590736435,0.8469470999532459,10.0,2026-04-16 19:01:30.898,58.99191611111111,LD,1.2636980654325791,1.6990662590702381,0.013130847438017297
37.467228030166666,0.2063555721308136,12.0,2026-04-16 19:31:30.500,59.49180555555556,BACKGROUND,1.2679637129108325,0.5828429369842479,0.003210082358560146
55.43009728536666,0.6182497607556177,17.0,2026-04-16 19:46:31.101,59.7419725,F,1.2604988298238888,0.8571981739457063,0.009560917117531261
79.47045991806665,0.2942873056524968,18.0,2026-04-16 20:01:30.749,59.99187472222223,LD,1.2636980654325791,1.2320893301019713,0.00456255380493235
66.55779203266665,0.4642927818363139,19.0,2026-04-16 20:16:31.625,60.24211805555556,F,1.5228361497364749,1.2434984081665852,0.008674376320256076
83.09504447996669,0.3954057094024461,20.0,2026-04-16 20:31:31.003,60.49194527777777,HD,1.2636980654325791,1.2882839459299604,0.006130267222794833
66.07595488553333,0.2350969905821109,21.0,2026-04-16 20:46:29.026,60.74139611111112,F,1.2626316535630155,1.0235599165349503,0.0036418067128157114
25.36887682153333,0.201650601825093,27.0,2026-04-16 21:16:29.323,61.24147861111111,BACKGROUND,1.272229360389086,0.39596773856196193,0.0031474445378900555
60.861739667533335,1.3287370959566465,22.0,2026-04-16 21:31:30.232,61.49173111111111,HD,1.2626316535630155,0.9427882999525335,0.020583009861762057
75.40364511306667,0.1548129487008977,23.0,2026-04-16 21:46:30.217,61.74172694444445,LD,1.2626316535630155,1.1680519612930989,0.002398154201862525
86.05649515280001,0.2591349096023875,24.0,2026-04-16 22:01:30.003,61.9916675,HD,1.2626316535630155,1.3330716014393222,0.004014169858058053
92.93546569213336,0.3518556563659806,25.0,2026-04-16 22:16:29.410,62.24150277777778,F,1.2626316535630155,1.43963137077272,0.005450475091676101
91.63654922133333,0.5991880738979906,26.0,2026-04-16 22:31:27.904,62.491084444444446,LD,1.2658308891717058,1.4231070341543388,0.009305334716239035
26.712823845400003,0.2012588626329377,28.0,2026-04-16 23:01:28.951,62.99137527777778,BACKGROUND,1.2732957722586493,0.4172941023972897,0.003143963248437076
14.166641316899996,0.1277234220417834,1.0,2026-04-16 23:16:30.246,63.241735000000006,HD_STD,1.2530339467369456,0.21778245273250105,0.001963480228052726
12.519675086799998,0.1204382616320405,2.0,2026-04-16 23:31:29.980,63.49166111111112,LD,1.2615652416934524,0.19377418662254392,0.0018640920011245181
59.58735542196666,1.3588907849596572,3.0,2026-04-16 23:46:30.561,63.7418225,HD,1.2615652416934524,0.9222676507039674,0.021032331489341496
66.82960408979999,0.8437563615137862,4.0,2026-04-17 00:01:30.467,63.99179638888889,F,1.2541003586065087,1.0282396101597524,0.012982026813550486
115.15687446033331,2.1036357357572197,5.0,2026-04-17 00:16:28.852,64.24134777777778,HD,1.2604988298238888,1.7808423102073887,0.03253165337333925
35.7734160156,0.2771046142629573,11.0,2026-04-17 00:46:28.934,64.74137055555556,BACKGROUND,1.2700965366499595,0.5574299439529034,0.004317910526921213
20.570371828799995,0.1607087958998407,6.0,2026-04-17 01:01:28.335,64.99120416666666,LD,1.2615652416934524,0.3183794341317707,0.00248738213992578
88.2706211976,1.02623372566284,7.0,2026-04-17 01:16:28.303,65.24119527777778,HD_STD,1.2626316535630155,1.3673698673295291,0.015897034078500842
124.57629570199998,0.4326683720071331,8.0,2026-04-17 01:31:27.934,65.49109277777778,F,1.2626316535630155,1.9297685981514237,0.006702317106217017
118.22437498366664,0.662485055353824,9.0,2026-04-17 01:46:27.289,65.74091361111111,HD,1.2285064737369882,1.781876604187027,0.009984968166857424
101.50050877466668,0.3133624656389276,10.0,2026-04-17 02:01:25.780,65.99049444444445,LD,1.2636980654325791,1.5736374747311355,0.004858290121464306
35.8449256984,0.2259077896331663,12.0,2026-04-17 02:31:27.924,66.49109,BACKGROUND,1.2679637129108325,0.5576062833689345,0.003514238082715952
52.12911729216667,1.017849108608054,17.0,2026-04-17 02:46:27.446,66.74095722222222,F,1.2604988298238888,0.8061502025190109,0.015740517155495327
82.1172149663,0.7978415421034318,18.0,2026-04-17 03:01:28.665,66.99129583333334,LD,1.2636980654325791,1.273123931609046,0.012369527647772743
62.5155613488,0.2993313491867133,19.0,2026-04-17 03:16:26.308,67.2406411111111,F,1.5228361497364749,1.1679774621237344,0.0055924039073494075
78.0934947951,0.4848844177735494,20.0,2026-04-17 03:31:25.723,67.49047861111112,HD,1.2636980654325791,1.2107412211608768,0.007517521832482567
61.18826587019999,0.1731538559019308,21.0,2026-04-17 03:46:26.556,67.74071,F,1.2626316535630155,0.9478464051789652,0.0026822668942388384
24.77032204396666,0.1220528106621137,27.0,2026-04-17 04:16:24.815,68.24022638888889,BACKGROUND,1.272229360389086,0.3866252523594448,0.0019050498673235075
61.29150111036667,1.5323978944941097,22.0,2026-04-17 04:31:25.267,68.49035194444444,HD,1.2626316535630155,0.9494455868176038,0.023737849323614266
69.37816193903332,0.3271891127050968,23.0,2026-04-17 04:46:25.836,68.74051,LD,1.2626316535630155,1.0747132715173628,0.005068374138092037
84.05693886916667,0.2786945712689084,24.0,2026-04-17 05:01:25.154,68.99032055555556,HD,1.2626316535630155,1.3020971620032489,0.004317161857152405
89.22585823890002,0.3231964765562981,25.0,2026-04-17 05:16:24.539,69.24014972222221,F,1.2626316535630155,1.382167116161694,0.005006525583193384
88.59923780793332,0.2579972866922149,26.0,2026-04-17 05:31:23.762,69.48993388888888,LD,1.2658308891717058,1.3759378721326798,0.004006673719212344
26.949612656333333,0.2318746287128531,28.0,2026-04-17 06:01:23.301,69.98980583333334,BACKGROUND,1.2732957722586493,0.4209930963669281,0.00362222712272694
14.625407233933332,0.1549984293198746,1.0,2026-04-17 06:16:25.874,70.24052055555556,HD_STD,1.2530339467369456,0.22483501829173536,0.0023827763653971093
12.900172574366668,0.1484519400954248,2.0,2026-04-17 06:31:26.628,70.49073,LD,1.2615652416934524,0.19966336430918294,0.002297675757964269
41.34506158003333,1.6236879065194785,3.0,2026-04-17 06:46:25.369,70.74038027777777,HD,1.2615652416934524,0.6399212138481862,0.025130748300840413
55.352020895,0.277767271081727,4.0,2026-04-17 07:01:24.400,70.9901111111111,F,1.2541003586065087,0.8516456316298314,0.004273724413336832
109.882627664,0.3247262612865503,5.0,2026-04-17 07:16:24.266,71.24007388888889,HD,1.2604988298238888,1.699278774435831,0.00502172595465626
35.427146121499995,0.2067400618248569,11.0,2026-04-17 07:46:24.569,71.74015805555555,BACKGROUND,1.2700965366499595,0.5520342834552708,0.0032214732030509687
20.7282113578,0.1664470327969182,6.0,2026-04-17 08:01:25.394,71.99038722222222,LD,1.2615652416934524,0.32082240698344705,0.0025761961210929918
121.08997483433336,1.4163392430134207,8.0,2026-04-17 08:31:23.923,72.48997861111111,F,1.2626316535630155,1.8757631993266213,0.021940024625832392
107.18037695766664,0.2045981393143716,9.0,2026-04-17 08:46:24.910,72.74025277777778,HD,1.2285064737369882,1.615421575755404,0.003083701121319897
96.77095607696668,0.38134875983686,10.0,2026-04-17 09:01:22.140,72.98948333333334,LD,1.2636980654325791,1.5003117204697536,0.005912331934746968
36.32233734423334,0.3187209642648893,12.0,2026-04-17 09:31:23.315,73.48980972222222,BACKGROUND,1.2679637129108325,0.5650329338161988,0.004958046609186883
52.356166217033326,0.2997825136673665,17.0,2026-04-17 09:46:23.903,73.73997305555555,F,1.2604988298238888,0.8096613983011519,0.004635983624087202
77.60675585183334,0.3069105992660501,18.0,2026-04-17 10:01:22.576,73.98960444444444,LD,1.2636980654325791,1.2031949472477492,0.00475826206417784
59.1735441955,0.2071514948734003,19.0,2026-04-17 10:16:22.592,74.2396088888889,F,1.5228361497364749,1.1055385968417506,0.0038702088254065734
74.94369525976667,0.3911591438731102,20.0,2026-04-17 10:31:22.852,74.48968111111111,HD,1.2636980654325791,1.1619075488322474,0.006064429575904807
56.76685609953333,0.2900302508389255,21.0,2026-04-17 10:46:19.809,74.73883583333334,F,1.2626316535630155,0.8793558654104476,0.004492758974964076
24.1862910452,0.1939073022390273,27.0,2026-04-17 11:16:21.328,75.23925777777777,BACKGROUND,1.272229360389086,0.37750945919845535,0.0030265839713118897
59.466100356333335,1.116794772685798,22.0,2026-04-17 11:31:21.276,75.48924333333333,HD,1.2626316535630155,0.9211689308588983,0.01729988414540818
70.3384960584,0.2235584101574443,23.0,2026-04-17 11:46:21.719,75.73936638888888,LD,1.2626316535630155,1.0895894774347414,0.0034630665275718763
82.79374088833333,0.1892451401907388,24.0,2026-04-17 12:01:21.865,75.98940694444444,HD,1.2626316535630155,1.2825293960576982,0.0029315314509467203
82.58776313163331,0.3421282529578465,25.0,2026-04-17 12:16:20.200,76.23894444444444,F,1.2626316535630155,1.2793386653929477,0.005299791227359955
82.75028261573334,0.1879663678691983,26.0,2026-04-17 12:31:21.371,76.48926972222222,LD,1.2658308891717058,1.2851041453369576,0.0029191001033114423
25.671338710966666,0.1583499712326417,28.0,2026-04-17 13:01:18.244,76.98840111111112,BACKGROUND,1.2732957722586493,0.4010245531033345,0.002473662443648417
13.8726420955,0.1397223692532519,1.0,2026-04-17 13:16:20.723,77.23908972222222,HD_STD,1.2530339467369456,0.21326283018360828,0.0021479389219284622
12.269375479033332,0.1314004333564147,2.0,2026-04-17 13:31:21.240,77.48923333333333,LD,1.2615652416934524,0.18990015614086916,0.0020337598155669937
33.0976747172,1.546819043735579,3.0,2026-04-17 13:46:19.697,77.73880472222221,HD,1.2615652416934524,0.5122716806113407,0.023941004856279726
47.81340717133333,0.2244397697455221,4.0,2026-04-17 14:01:20.138,77.98892722222222,F,1.2541003586065087,0.7356565973995499,0.0034532280190883724
96.17877785386666,0.3305502488549019,5.0,2026-04-17 14:16:19.960,78.23887777777779,HD,1.2604988298238888,1.4873557288601262,0.005111790950987981
35.4557728893,0.1949845660779199,11.0,2026-04-17 14:46:20.085,78.73891250000001,BACKGROUND,1.2700965366499595,0.5524803526135349,0.00303829625029655
19.290275387866664,0.1450941477221856,6.0,2026-04-17 15:01:20.798,78.98911055555556,LD,1.2615652416934524,0.298566647863715,0.0022457052809781827
63.17193930660001,0.2327225513368491,7.0,2026-04-17 15:16:19.411,79.23872527777779,HD_STD,1.2626316535630155,0.9785748088851483,0.0036050250902132427
107.76063292866668,0.5276958067957653,8.0,2026-04-17 15:31:18.897,79.48858249999999,F,1.2626316535630155,1.6692829432022092,0.008174354451561207
105.06200766466664,0.3279348096751676,9.0,2026-04-17 15:46:18.038,79.73834388888889,HD,1.2285064737369882,1.5834935348353618,0.00494263019059679
93.31013116553332,0.2983145209331225,10.0,2026-04-17 16:01:17.555,79.98820972222222,LD,1.2636980654325791,1.446655991647694,0.0046249907026475285
35.6243775622,0.2668879263666548,12.0,2026-04-17 16:31:17.545,80.48820694444444,BACKGROUND,1.2679637129108325,0.5541754204466571,0.004151728084178873
51.16894166663334,0.4507081633443894,17.0,2026-04-17 16:46:17.948,80.73831888888888,F,1.2604988298238888,0.7913015763541127,0.006969971793703269
71.5010659262,0.4312051857410272,18.0,2026-04-17 17:01:19.430,80.98873055555555,LD,1.2636980654325791,1.1085339195144275,0.006685292987909051
55.54124963276668,0.269159006524875,19.0,2026-04-17 17:16:17.030,81.2380638888889,F,1.5228361497364749,1.0376764822972329,0.0050286944012973124
76.03408331253331,0.3626190283897447,20.0,2026-04-17 17:31:18.331,81.48842527777778,HD,1.2636980654325791,1.1788126414524427,0.005621951052398255
56.831251382866654,0.2866136415725244,21.0,2026-04-17 17:46:15.717,81.73769916666667,F,1.2626316535630155,0.8803533906213673,0.004439833454604842
23.727002311866663,0.1990115264460122,27.0,2026-04-17 18:16:17.232,82.23812000000001,BACKGROUND,1.272229360389086,0.37034069400777003,0.0031062527769342768
58.39015392429999,1.3354706613845695,22.0,2026-04-17 18:31:16.165,82.48782361111111,HD,1.2626316535630155,0.9045018143249645,0.02068731721046897
67.79343807289999,0.1810073478772614,23.0,2026-04-17 18:46:16.769,82.73799138888889,LD,1.2626316535630155,1.0501648585438335,0.0028039226403374423
77.87160132993334,0.3526170492784456,24.0,2026-04-17 19:01:16.335,82.98787083333333,HD,1.2626316535630155,1.206282223174657,0.005462269567704228
87.76324231093331,0.2039172460416345,25.0,2026-04-17 19:16:17.428,83.23817444444445,F,1.2626316535630155,1.3595102353077473,0.003158812002036006
78.712924395,0.2701292437569935,26.0,2026-04-17 19:31:16.194,83.48783166666666,LD,1.2658308891717058,1.2224043499807518,0.004195081877132431
24.956166821966654,0.1632576666799718,28.0,2026-04-17 20:01:15.976,83.98777111111112,BACKGROUND,1.2732957722586493,0.3898525028099161,0.0025503279574999424
13.308555790066666,0.1224828777721643,1.0,2026-04-17 20:16:18.076,84.23835444444444,HD_STD,1.2530339467369456,0.20459118413836427,0.0018829178308577468
11.940800898933334,0.1296974720051197,2.0,2026-04-17 20:31:16.210,84.48783611111112,LD,1.2615652416934524,0.18481461905126448,0.002007402106727989
11.621232891466668,0.6775551467672777,3.0,2026-04-17 20:46:16.660,84.7379611111111,HD,1.2615652416934524,0.17986848184817292,0.010486909328435753
30.978179653466665,0.1646026020540498,4.0,2026-04-17 21:01:17.098,84.98808277777778,F,1.2541003586065087,0.4766299576986567,0.0025325739643753077
75.76781927949999,0.9929229991106292,5.0,2026-04-17 21:16:14.137,85.23726027777778,HD,1.2604988298238888,1.1717106682290042,0.015355047589480258
33.04566341746667,0.2785424075899019,11.0,2026-04-17 21:46:15.015,85.73750416666667,BACKGROUND,1.2700965366499595,0.5149254490723534,0.00434031456720926
17.290516499899997,0.128102512271204,6.0,2026-04-17 22:01:15.197,85.98755472222221,LD,1.2615652416934524,0.26761523344837596,0.0019827160008192915
45.85853049696666,0.4716362246777093,7.0,2026-04-17 22:16:15.240,86.23756666666667,HD_STD,1.2626316535630155,0.7103787410897859,0.007305954724411681
94.46439603266668,0.1640585180489241,8.0,2026-04-17 22:31:13.782,86.48716166666667,F,1.2626316535630155,1.4633155054092166,0.0025413741402891114
89.69744973346666,0.2039951206610007,9.0,2026-04-17 22:46:16.306,86.73786277777778,HD,1.2285064737369882,1.3519190704741515,0.003074612430172421
81.01221550536665,0.6026083019624675,10.0,2026-04-17 23:01:13.535,86.98709305555555,LD,1.2636980654325791,1.255992307518937,0.009342682297853823
33.567207250200006,0.2185302436620861,12.0,2026-04-17 23:31:14.000,87.48722222222223,BACKGROUND,1.2679637129108325,0.5221739287548378,0.003399472438509271
46.0676920081,0.3572065415106911,17.0,2026-04-17 23:46:15.158,87.7375438888889,F,1.2604988298238888,0.7124133530550653,0.005524016916803435
65.51617231683335,0.3406808658159347,18.0,2026-04-18 00:01:14.312,87.98730888888888,LD,1.2636980654325791,1.015745686433877,0.005281827488786051
51.35020210453334,0.1738768724713771,19.0,2026-04-18 00:16:15.046,88.23751277777777,F,1.5228361497364749,0.9593751929853694,0.0032485394652067615
68.34886866723333,0.2287851638528763,20.0,2026-04-18 00:31:14.404,88.48733444444444,HD,1.2636980654325791,1.0596630735025425,0.0035470256439862026
54.2070345524,0.2051861981967716,21.0,2026-04-18 00:46:13.595,88.73710972222221,F,1.2626316535630155,0.8397025492583446,0.003178468903918831
23.3796588238,0.1694251766869817,27.0,2026-04-18 01:16:13.233,89.23700916666667,BACKGROUND,1.272229360389086,0.3649192156963126,0.0026444570069125415
47.30757599873333,1.4097737675252235,22.0,2026-04-18 01:31:14.075,89.48724305555555,HD,1.2626316535630155,0.7328254071336296,0.021838321100633964
57.9517382128,0.142413008197598,23.0,2026-04-18 01:46:13.661,89.73712805555556,LD,1.2626316535630155,0.8977104671571796,0.0022060709835634794
71.90787471373332,0.2591582097298456,24.0,2026-04-18 02:01:13.266,89.98701833333334,HD,1.2626316535630155,1.1139001830196626,0.004014530792327675
93.23590742353332,0.4147466667642983,25.0,2026-04-18 02:16:12.680,90.23685555555556,F,1.2626316535630155,1.444285410416159,0.006424698127357037
76.25346423606666,0.2357295408055064,26.0,2026-04-18 02:31:11.944,90.48665111111112,LD,1.2658308891717058,1.1842091638662409,0.00366085770938426
25.1687418026,0.1730969045137006,28.0,2026-04-18 03:01:10.680,90.9863,BACKGROUND,1.2732957722586493,0.39317324067907206,0.0027040315099158864
13.388304752033331,0.1292610259635597,1.0,2026-04-18 03:16:14.016,91.23722666666669,HD_STD,1.2530339467369456,0.2058171574761132,0.0019871176694140798
10.9819489354,0.1326854927606298,2.0,2026-04-18 03:31:13.309,91.48703027777778,LD,1.2615652416934524,0.16997391767228073,0.002053649416462146
8.753339374650002,0.1370329815977891,3.0,2026-04-18 03:46:12.852,91.73690333333332,HD,1.2615652416934524,0.13548045023486543,0.00212093799283737
15.870462094133334,0.267135536448607,4.0,2026-04-18 04:01:11.790,91.98660833333332,F,1.2541003586065087,0.24418276868435695,0.004110144652190982
52.48646073970001,0.6993922567393216,5.0,2026-04-18 04:16:11.190,92.23644166666666,HD,1.2604988298238888,0.8116763366176047,0.010815744418817457
31.474741712266663,0.203164938757876,11.0,2026-04-18 04:46:10.256,92.73618222222224,BACKGROUND,1.2700965366499595,0.49044697048081565,0.003165764778393316
15.690863031599998,0.117864715779114,6.0,2026-04-18 05:01:11.763,92.98660083333333,LD,1.2615652416934524,0.2428564799225293,0.0018242597570024294
32.47473162446667,0.4419519424755026,7.0,2026-04-18 05:16:11.773,93.23660361111112,HD_STD,1.2626316535630155,0.5030549108010173,0.006846125706943438
82.49439100293334,0.6976190197987923,8.0,2026-04-18 05:31:11.719,93.4865886111111,F,1.2626316535630155,1.2778922698255375,0.010806576566550397
77.50259730516667,0.3338087802936508,9.0,2026-04-18 05:46:12.559,93.73682194444444,HD,1.2285064737369882,1.1681183759346103,0.005031162617350607
74.50758483296667,0.3543313667343997,10.0,2026-04-18 06:01:10.625,93.98628472222222,LD,1.2636980654325791,1.1551462062634432,0.005493461302778418
34.025212290966664,0.2789898210067285,12.0,2026-04-18 06:31:10.180,94.48616111111112,BACKGROUND,1.2679637129108325,0.5292986886356356,0.004339986041490669
41.438243866166665,0.4979022811977424,17.0,2026-04-18 06:46:11.497,94.73652694444444,F,1.2604988298238888,0.6408212994959381,0.007699804747749924
67.17502310696666,0.3968006297939314,18.0,2026-04-18 07:01:10.349,94.98620805555557,LD,1.2636980654325791,1.0414640774040773,0.00615189370554657
48.5703092727,0.1799753410720588,19.0,2026-04-18 07:16:09.532,95.23598111111112,F,1.5228361497364749,0.9074384894727009,0.003362477078904638
62.2777542034,0.1465850814270845,20.0,2026-04-18 07:31:10.686,95.48630166666666,HD,1.2636980654325791,0.9655380947314525,0.0022726169568496593
51.38291883226667,0.2121741833186005,21.0,2026-04-18 07:46:08.506,95.73569611111112,F,1.2626316535630155,0.7959551428713717,0.0032867173806973744
22.98074107353333,0.2251112989038227,27.0,2026-04-18 08:16:08.614,96.2357261111111,BACKGROUND,1.272229360389086,0.35869274534224294,0.003513628631600766
37.863125137100006,1.222175108641003,22.0,2026-04-18 08:31:08.048,96.48556888888888,HD,1.2626316535630155,0.5865246635061118,0.018932294725952814
53.25268126779999,0.2073993088222447,23.0,2026-04-18 08:46:09.063,96.73585083333334,LD,1.2626316535630155,0.8249189903976021,0.003212751440297096
64.24535906846667,0.1218966066816085,24.0,2026-04-18 09:01:08.795,96.98577638888888,HD,1.2626316535630155,0.995202785639575,0.0018882584561519162
92.38065490316669,0.3351106652027641,25.0,2026-04-18 09:16:09.487,97.23596861111112,F,1.2626316535630155,1.4310369874477846,0.005191084186359759
70.02161081086666,0.3069677204560542,26.0,2026-04-18 09:31:08.703,97.48575083333331,LD,1.2658308891717058,1.0874290633432466,0.004767179972962508
24.6173357376,0.2623628872563361,28.0,2026-04-18 10:01:09.078,97.985855,BACKGROUND,1.2732957722586493,0.3845594565174916,0.004098499139350526
13.161039715566666,0.1390354367494656,1.0,2026-04-18 10:16:09.881,98.23607805555557,HD_STD,1.2530339467369456,0.20232343331419714,0.0021373787727590335
10.438045308666666,0.115059537443958,2.0,2026-04-18 10:31:08.934,98.485815,LD,1.2615652416934524,0.16155560951806794,0.0017808424041991487
8.50968491877,0.1575689504561135,3.0,2026-04-18 10:46:08.394,98.735665,HD,1.2615652416934524,0.13170927057742485,0.0024387849524779826
8.608551005266666,0.1707103158306414,4.0,2026-04-18 11:01:07.500,98.98541666666668,F,1.2541003586065087,0.1324510783843884,0.0026265471865444994
29.447404066099992,0.6551082418930597,5.0,2026-04-18 11:16:07.588,99.23544111111111,HD,1.2604988298238888,0.4553890797439777,0.010130914723033726
30.02388460993333,0.2563957756840273,11.0,2026-04-18 11:46:08.529,99.7357025,BACKGROUND,1.2700965366499595,0.4678393673130147,0.0039952204398647035
14.134641130266663,0.118095121734984,6.0,2026-04-18 12:01:06.811,99.98522527777776,LD,1.2615652416934524,0.21876994165022234,0.0018278258820322052
21.216339016,0.4046642938385751,7.0,2026-04-18 12:16:07.299,100.23536083333332,HD_STD,1.2626316535630155,0.32865501875855163,0.006268515552194783
64.6605502116,0.2876775598904518,8.0,2026-04-18 12:31:06.428,100.48511888888888,F,1.2626316535630155,1.0016343689976632,0.004456314247755457
68.2758950796,0.3297273752279089,9.0,2026-04-18 12:46:06.739,100.73520527777778,HD,1.2285064737369882,1.0290536117367954,0.004969647720783291
65.16194048836668,0.2103068905355294,10.0,2026-04-18 13:01:05.440,100.98484444444443,LD,1.2636980654325791,1.010253768346499,0.003260543303044883
32.7757447907,0.2409937165709347,12.0,2026-04-18 13:31:06.595,101.48516527777775,BACKGROUND,1.2679637129108325,0.5098618809023427,0.003748915864495252
34.8100347201,0.5138248276159554,17.0,2026-04-18 13:46:05.323,101.73481194444444,F,1.2604988298238888,0.5383194267806881,0.007946038804385094
50.283565151400005,0.3846879177011975,18.0,2026-04-18 14:01:06.079,101.98502194444444,LD,1.2636980654325791,0.7795833088974334,0.0059641013693320696
40.093168339833326,0.1897329295771733,19.0,2026-04-18 14:16:04.434,102.234565,F,1.5228361497364749,0.7490601699117121,0.00354477798467536
53.8780956969,0.1920850975292949,20.0,2026-04-18 14:31:04.934,102.48470388888887,HD,1.2636980654325791,0.8353119750760639,0.0029780373661035977
46.5338105646,0.2117446224015521,21.0,2026-04-18 14:46:05.075,102.73474305555555,F,1.2626316535630155,0.7208392726229571,0.003280063200108347
22.09523622676667,0.1722575375953868,27.0,2026-04-18 15:16:03.575,103.23432638888887,BACKGROUND,1.272229360389086,0.3448714258519677,0.0026886656469553086
27.270100465966664,0.981227054320207,22.0,2026-04-18 15:31:05.621,103.48489472222222,HD,1.2626316535630155,0.4224317575916823,0.015199851194912014
47.42849423099998,0.1809988352951264,23.0,2026-04-18 15:46:04.309,103.73453027777778,LD,1.2626316535630155,0.7346985099278429,0.002803790774852113
54.25172430503333,0.1744372806386696,24.0,2026-04-18 16:01:03.977,103.98443805555556,HD,1.2626316535630155,0.840394822863086,0.0027021479859111568
80.36611511893332,0.2091502441390817,25.0,2026-04-18 16:16:03.979,104.2344386111111,F,1.2626316535630155,1.2449238792821968,0.0032398745777510235
63.9499795808,0.1158833091585482,26.0,2026-04-18 16:31:04.039,104.48445527777776,LD,1.2658308891717058,0.9931371985172469,0.001799656946992709
23.59349908186667,0.212555018243127,28.0,2026-04-18 17:01:04.181,104.98449472222222,BACKGROUND,1.2732957722586493,0.3685656027516624,0.003320426026882934
12.2043563729,0.10935918330916,1.0,2026-04-18 17:16:05.533,105.23487027777776,HD_STD,1.2530339467369456,0.18761642971372294,0.0016811685026203293
10.205763557933334,0.1340939890231981,2.0,2026-04-18 17:31:05.851,105.48495861111113,LD,1.2615652416934524,0.15796045173613255,0.0020754495203584387
8.061090150363334,0.1363900321164913,3.0,2026-04-18 17:46:05.007,105.73472416666668,HD,1.2615652416934524,0.12476611224715954,0.002110986695226682
7.19780094901,0.1490430256213884,4.0,2026-04-18 18:01:03.473,105.98429805555556,F,1.2541003586065087,0.1107452923388954,0.0022931744793226573
11.634615412633334,0.4347274476134803,5.0,2026-04-18 18:16:03.819,106.23439416666668,HD,1.2604988298238888,0.17992339134686566,0.006722838178325381
27.389686119733327,0.211303972187805,11.0,2026-04-18 18:46:04.430,106.73456388888889,BACKGROUND,1.2700965366499595,0.4267926549690585,0.0032925891483863204
12.356004650266666,0.133615377108535,6.0,2026-04-18 19:01:04.390,106.98455277777778,LD,1.2615652416934524,0.19124096547315153,0.0020680417694520685
11.809126189633332,0.1576640576016882,7.0,2026-04-18 19:16:04.305,107.23452916666666,HD_STD,1.2626316535630155,0.18293111674210843,0.0024423197503374676
44.59836655996665,0.9383382481883692,8.0,2026-04-18 19:31:04.693,107.48463694444445,F,1.2626316535630155,0.6908579744749024,0.01453547543370453
55.66039319743332,0.2632390102731997,9.0,2026-04-18 19:46:02.816,107.73411555555556,HD,1.2285064737369882,0.838912892811313,0.003967535745314501
57.7959507103,0.5398735151007802,10.0,2026-04-18 20:01:03.176,107.98421555555556,LD,1.2636980654325791,0.8960533796668189,0.008370058487721144
32.079415581566664,0.2151366085742941,12.0,2026-04-18 20:31:01.042,108.48362277777778,BACKGROUND,1.2679637129108325,0.4990297328439802,0.003346680803109157
30.575410494700005,0.3417393559985654,17.0,2026-04-18 20:46:01.536,108.73376,F,1.2604988298238888,0.4728331236506122,0.005284824784254647
44.80542483956667,0.1820998533517998,18.0,2026-04-18 21:01:02.005,108.98389027777776,LD,1.2636980654325791,0.694651647070258,0.002823228738819466
36.51368024836667,0.2260425744026868,19.0,2026-04-18 21:16:02.569,109.23404694444444,F,1.5228361497364749,0.6821846380189859,0.0042231506314040854
46.5588957363,0.1514173600268683,20.0,2026-04-18 21:31:00.772,109.48354777777776,HD,1.2636980654325791,0.7218370035503495,0.002347535346764755
41.14887151993333,0.1651760737032893,21.0,2026-04-18 21:46:00.700,109.73352777777778,F,1.2626316535630155,0.637423031894341,0.002558685810991212
21.2404708396,0.1702649215317397,27.0,2026-04-18 22:16:00.230,110.23339722222222,BACKGROUND,1.272229360389086,0.3315299003387002,0.0026575640856960074
18.2061106371,0.8503723151226316,22.0,2026-04-18 22:31:00.286,110.4834127777778,HD,1.2626316535630155,0.2820246051141987,0.013172825385549137
39.5211006298,0.2140304108242691,23.0,2026-04-18 22:46:00.460,110.73346111111113,LD,1.2626316535630155,0.6122077922609646,0.0033154715632750364
47.69459584836667,0.1997384173027906,24.0,2026-04-18 23:01:01.028,110.98361888888888,HD,1.2626316535630155,0.738820598662444,0.0030940792016919978
75.6533559414,0.1636492064590783,25.0,2026-04-18 23:15:59.924,111.23331222222222,F,1.2626316535630155,1.17192014594589,0.0025350336350710616
58.62035136066666,0.1514803919556541,26.0,2026-04-18 23:31:00.223,111.48339527777776,LD,1.2658308891717058,0.9103685709996421,0.0023524763116937793
23.197392659,0.1896616135050261,28.0,2026-04-19 00:00:58.375,111.98288194444444,BACKGROUND,1.2732957722586493,0.36237783034914217,0.002962796940707203
11.915912050266662,0.1168648238659272,1.0,2026-04-19 00:16:00.737,112.23353805555556,HD_STD,1.2530339467369456,0.1831822021043238,0.001796552013306896
10.10960320806,0.1341239888083464,2.0,2026-04-19 00:30:59.342,112.48315055555555,LD,1.2615652416934524,0.15647212288950849,0.0020759138442267224
7.674748320786668,0.1375116735222841,3.0,2026-04-19 00:46:00.279,112.73341083333332,HD,1.2615652416934524,0.11878647832970944,0.0021283469821017638
6.983193287713334,0.1706528261954898,4.0,2026-04-19 01:01:00.315,112.98342083333334,F,1.2541003586065087,0.10744334104059852,0.002625662651601616
7.6260829560533345,0.139817769657797,5.0,2026-04-19 01:15:59.101,113.23308361111113,HD,1.2604988298238888,0.11793348206901223,0.002162210472386548
25.90777249383333,0.1940376421957574,11.0,2026-04-19 01:45:57.980,113.73277222222222,BACKGROUND,1.2700965366499595,0.40370112160617666,0.003023541055368246
11.2649213311,0.1189759728820815,6.0,2026-04-19 02:00:59.618,113.98322722222224,LD,1.2615652416934524,0.17435364361830094,0.0018414593200712095
8.928088038330001,0.1220423088347508,7.0,2026-04-19 02:15:58.589,114.23294138888888,HD_STD,1.2626316535630155,0.1383019445297568,0.0018905154781498224
30.7023450054,0.5237071210680735,8.0,2026-04-19 02:30:59.265,114.48312916666669,F,1.2626316535630155,0.47559947859391155,0.008112567091278739
45.587587505566674,0.4201066924563626,9.0,2026-04-19 02:45:57.858,114.73273833333332,HD,1.2285064737369882,0.6870956655826742,0.0063318438913617225
52.86751393206666,0.3481621725600561,10.0,2026-04-19 03:00:58.463,114.98290638888888,LD,1.2636980654325791,0.8196441783761266,0.005397815721698698
31.657001450933333,0.2214265407998083,12.0,2026-04-19 03:30:58.157,115.4828213888889,BACKGROUND,1.2679637129108325,0.4924586277618602,0.003444527448417395
25.793546639933336,0.340193810848747,17.0,2026-04-19 03:45:58.767,115.73299083333332,F,1.2604988298238888,0.39888403885539037,0.005260923717053656
38.29613085126666,0.2333867526549091,18.0,2026-04-19 04:00:59.101,115.98308361111113,LD,1.2636980654325791,0.5937332469785771,0.003618367479308996
31.962892006499995,0.1437814900013634,19.0,2026-04-19 04:15:56.778,116.23243833333332,F,1.5228361497364749,0.5971623173884122,0.0026862678054699264
41.15711468309999,0.1340299117191886,20.0,2026-04-19 04:30:56.032,116.48223111111112,HD,1.2636980654325791,0.6380891957981804,0.002077964872909708
37.52231246223333,0.2120075084039752,21.0,2026-04-19 04:45:55.374,116.73204833333334,F,1.2626316535630155,0.5812452514469912,0.003284135476856591
20.4246727356,0.1496197374781183,27.0,2026-04-19 05:15:55.490,117.23208055555556,BACKGROUND,1.272229360389086,0.318796592016204,0.0023353256634191066
13.347935970600002,0.4763470860244551,22.0,2026-04-19 05:30:56.759,117.48243305555556,HD,1.2626316535630155,0.20676829039624586,0.007378929059103262
33.25725492033333,0.2300916088048945,23.0,2026-04-19 05:45:55.696,117.73213777777778,LD,1.2626316535630155,0.5151767103390108,0.0035642700633191048
41.74632572500001,0.1346237479861826,24.0,2026-04-19 06:00:56.654,117.98240388888888,HD,1.2626316535630155,0.6466779897278053,0.002085410229652665
68.63946965630001,0.1813435861291318,25.0,2026-04-19 06:15:55.736,118.23214888888889,F,1.2626316535630155,1.0632704431455395,0.002809131191581485
54.70311818503333,0.3434053279932914,26.0,2026-04-19 06:30:54.951,118.48193083333334,LD,1.2658308891717058,0.8495343063526629,0.005333052608222386
22.390076125133337,0.1956916840350838,28.0,2026-04-19 07:00:54.851,118.98190305555556,BACKGROUND,1.2732957722586493,0.34976634343558655,0.003056995625346308
11.557943407166668,0.1244506417510616,1.0,2026-04-19 07:15:57.197,119.23255472222222,HD_STD,1.2530339467369456,0.17767918361520307,0.001913168082567846
9.60004136405333,0.1769704804141189,2.0,2026-04-19 07:30:56.119,119.48225527777778,LD,1.2615652416934524,0.14858534218859548,0.0027390735510862026
7.299187836343334,0.1261976541197355,3.0,2026-04-19 07:45:55.615,119.73211527777778,HD,1.2615652416934524,0.11297371346991658,0.0019532334194924564
6.902362432640001,0.1312644255043489,4.0,2026-04-19 08:00:55.369,119.98204694444443,F,1.2541003586065087,0.10619967832492837,0.0020196331183867638
7.235300483053333,0.1118854811763914,5.0,2026-04-19 08:15:54.467,120.2317963888889,HD,1.2604988298238888,0.11189023050224975,0.0017302518821441571
22.931533991399995,0.1386640384037564,11.0,2026-04-19 08:45:55.503,120.73208416666668,BACKGROUND,1.2700965366499595,0.3573246597978211,0.002160696286929442
9.672341615673334,0.1372114441643036,6.0,2026-04-19 09:00:54.233,120.98173138888887,LD,1.2615652416934524,0.1497043746197999,0.0021237001602601798
8.139848681596668,0.1284538787912551,7.0,2026-04-19 09:15:54.572,121.23182555555556,HD_STD,1.2626316535630155,0.12609159945664797,0.0019898349056315188
19.243920803666665,0.5013562680678579,8.0,2026-04-19 09:30:54.953,121.48193138888888,F,1.2626316535630155,0.2981009658616189,0.007766337706156462
36.55500613586666,0.1568103848361875,9.0,2026-04-19 09:45:53.368,121.73149111111113,HD,1.2285064737369882,0.5509566889942367,0.0023634445610033437
43.95464139103333,0.1987999171577018,10.0,2026-04-19 10:00:52.976,121.98138222222222,LD,1.2636980654325791,0.6814613218821816,0.0030821421822358947
30.529624105333333,0.2435093501946832,12.0,2026-04-19 10:30:53.194,122.4814427777778,BACKGROUND,1.2679637129108325,0.4749210633957438,0.0037880492449647485
20.3130210347,0.1830501570926862,17.0,2026-04-19 10:45:53.944,122.73165111111112,F,1.2604988298238888,0.3141305065481518,0.0028307772867963025
30.231861749333337,0.2346572783547906,18.0,2026-04-19 11:00:53.062,122.9814061111111,LD,1.2636980654325791,0.46870691737375425,0.0036380653791331353
26.24268893453333,0.1471092562587978,19.0,2026-04-19 11:15:53.482,123.23152277777778,F,1.5228361497364749,0.49029183390108355,0.0027484404214401076
35.12337036463334,0.1313050392891909,20.0,2026-04-19 11:30:53.230,123.48145277777778,HD,1.2636980654325791,0.5445435940360834,0.0020357191598441167
32.087329460633335,0.1817145702645418,21.0,2026-04-19 11:45:52.407,123.73122416666666,F,1.2626316535630155,0.49705379697427604,0.0028148779793703846
19.28753895176667,0.2324221833208647,27.0,2026-04-19 12:15:52.015,124.23111527777776,BACKGROUND,1.272229360389086,0.30104774582192945,0.0036277398865005805
11.047581174633333,0.2458387109733195,22.0,2026-04-19 12:30:51.721,124.48103361111112,HD,1.2626316535630155,0.17113428454586774,0.0038082030130449575
28.75834110623333,0.2362154581329004,23.0,2026-04-19 12:45:51.832,124.73106444444444,LD,1.2626316535630155,0.44548558206041916,0.003659132509392037
35.5207808691,0.1597990849270842,24.0,2026-04-19 13:00:53.296,124.9814711111111,HD,1.2626316535630155,0.5502402131700771,0.0024753927251399952
58.8624502915,0.4237718271273421,25.0,2026-04-19 13:15:51.095,125.23085972222222,F,1.2626316535630155,0.911817995090395,0.006564503785919441
47.23467214783333,0.2122591380405872,26.0,2026-04-19 13:30:50.381,125.48066138888888,LD,1.2658308891717058,0.7335500382843592,0.0032963645507809456
21.246003615266662,0.1042492394303833,28.0,2026-04-19 14:00:49.460,125.98040555555556,BACKGROUND,1.2732957722586493,0.3318942265135697,0.0016285284193641393
10.887420533699997,0.1265144461939963,1.0,2026-04-19 14:15:52.579,126.23127194444446,HD_STD,1.2530339467369456,0.16737129815878138,0.0019448947553541733
9.331289170066668,0.140174755167433,2.0,2026-04-19 14:30:51.467,126.48096305555556,LD,1.2615652416934524,0.1444257104544064,0.002169565022995032
6.842510588753332,0.158868653855456,3.0,2026-04-19 14:45:50.588,126.73071888888887,HD,1.2615652416934524,0.10590545797708228,0.002458901206878521
6.501594620203334,0.1485818839544347,4.0,2026-04-19 15:00:52.203,126.9811675,F,1.2541003586065087,0.10003346883084355,0.0022860793583158088
6.70130958186,0.1505633743204347,5.0,2026-04-19 15:15:50.200,127.23061111111112,HD,1.2604988298238888,0.10363233365877104,0.0023283857660602114
20.69252383533333,0.211065920727499,11.0,2026-04-19 15:45:49.950,127.73054166666668,BACKGROUND,1.2700965366499595,0.32243586681081765,0.003288879773466173
8.059094773516668,0.1066067864894909,6.0,2026-04-19 16:00:50.924,127.98081222222224,LD,1.2615652416934524,0.12473522865610887,0.001650014333217361
7.369776414076666,0.1468848515972148,7.0,2026-04-19 16:15:49.878,128.23052166666668,HD_STD,1.2626316535630155,0.11416267452118364,0.002275342773351435
8.085506897473334,0.1656033836557363,8.0,2026-04-19 16:30:50.732,128.4807588888889,F,1.2626316535630155,0.1252498095480799,0.0025653051226609243
23.164419280366666,0.4004641188927444,9.0,2026-04-19 16:45:49.453,128.73040361111111,HD,1.2285064737369882,0.3491338970577496,0.006035791217927252
33.9352025628,0.2308821957039412,10.0,2026-04-19 17:00:49.776,128.98049333333333,LD,1.2636980654325791,0.5261225496314219,0.0035795374800979456
28.60047893293333,0.1888363364659857,12.0,2026-04-19 17:30:48.819,129.4802275,BACKGROUND,1.2679637129108325,0.4449111401303957,0.0029375518484197603
16.3187798789,0.1405132135408303,17.0,2026-04-19 17:45:48.936,129.73026,F,1.2604988298238888,0.252361604945404,0.0021729651572204725
22.954747616733336,0.2487799923216536,18.0,2026-04-19 18:00:49.378,129.98038277777778,LD,1.2636980654325791,0.35588443357342586,0.0038570202613446352
20.57115563546667,0.1374812809083836,19.0,2026-04-19 18:15:49.947,130.23054083333332,F,1.5228361497364749,0.38433064718095045,0.0025685610766410624
28.490579254066667,0.1853868246182039,20.0,2026-04-19 18:30:48.450,130.48012500000002,HD,1.2636980654325791,0.441710526698234,0.0028741890859706417
27.601937080500004,0.1070393141160003,21.0,2026-04-19 18:45:48.109,130.7300302777778,F,1.2626316535630155,0.4275721245839321,0.0016581092412864841
17.937938140700002,0.1802712476795831,27.0,2026-04-19 19:15:48.088,131.23002444444444,BACKGROUND,1.272229360389086,0.2799826279265302,0.0028137468904748087
9.538654749253334,0.1263604776626144,22.0,2026-04-19 19:30:49.678,131.48046611111113,HD,1.2626316535630155,0.14776002368660499,0.0019574067479421198
21.17151733293333,0.2628449822942137,23.0,2026-04-19 19:45:48.009,131.7300025,LD,1.2626316535630155,0.3279607014647925,0.004071641319520287
28.549486244666674,0.1997477428545804,24.0,2026-04-19 20:00:46.924,131.9797011111111,HD,1.2626316535630155,0.44225028315261805,0.0030942236606109515
47.59716450443333,0.372068157819571,25.0,2026-04-19 20:15:47.200,132.22977777777777,F,1.2626316535630155,0.7373113231864094,0.005763580007626838
40.42230774520001,0.2472467049188213,26.0,2026-04-19 20:30:47.007,132.47972416666667,LD,1.2658308891717058,0.6277546566054393,0.0038397181902998017
20.032124008333334,0.1662604414315333,28.0,2026-04-19 21:00:46.177,132.9794936111111,BACKGROUND,1.2732957722586493,0.31293161874416137,0.002597235772334722
10.098567242253331,0.147274382857701,1.0,2026-04-19 21:15:47.503,133.22986194444445,HD_STD,1.2530339467369456,0.1552443302477342,0.0022640353211423048
8.89686615109,0.1485601173047082,2.0,2026-04-19 21:30:47.529,133.47986916666667,LD,1.2615652416934524,0.1377018964122139,0.002299350078631112
6.359380082330001,0.1141216088605885,3.0,2026-04-19 21:45:47.529,133.72986916666667,HD,1.2615652416934524,0.0984277702363338,0.0017663255459666155
6.0828568477666645,0.1537164366578803,4.0,2026-04-19 22:00:47.816,133.97994888888888,F,1.2541003586065087,0.09359077371460595,0.002365079534091823
6.049460802953334,0.1114399907417382,5.0,2026-04-19 22:15:47.576,134.22988222222222,HD,1.2604988298238888,0.09355182486783582,0.0017233625998625654
15.9657920491,0.1724812715343594,11.0,2026-04-19 22:45:47.447,134.7298463888889,BACKGROUND,1.2700965366499595,0.24878279902630798,0.00268764452023246
6.515558946163335,0.1267737079495632,6.0,2026-04-19 23:00:45.677,134.97935472222224,LD,1.2615652416934524,0.10084504002146145,0.0019621493347659565
6.133080014430001,0.1246233502020809,7.0,2026-04-19 23:15:46.145,135.22948472222222,HD_STD,1.2626316535630155,0.09500543546509618,0.0019304975032464595
6.3391183711800005,0.1231107811595097,8.0,2026-04-19 23:30:44.657,135.47907138888888,F,1.2626316535630155,0.09819710486440136,0.0019070668158557205
8.021249281533333,0.1448218277206524,9.0,2026-04-19 23:45:46.733,135.72964805555557,HD,1.2285064737369882,0.12089618941179336,0.0021827531473664927
16.672821528799997,0.2482023492072385,10.0,2026-04-20 00:00:45.109,135.97919694444445,LD,1.2636980654325791,0.2584910862414531,0.003848064632817865
25.747253710266666,0.2040526338073192,12.0,2026-04-20 00:30:43.615,136.47878194444445,BACKGROUND,1.2679637129108325,0.4005261600801602,0.003174257681723142
13.430408134599997,0.157136506412746,17.0,2026-04-20 00:45:45.174,136.729215,F,1.2604988298238888,0.20769440957419966,0.002430035900239583
17.702355595766665,0.2487592016815407,18.0,2026-04-20 01:00:43.641,136.97878916666667,LD,1.2636980654325791,0.2744527145017389,0.0038566979286706383
16.965801087733333,0.1254638225627235,19.0,2026-04-20 01:15:43.813,137.22883694444445,F,1.5228361497364749,0.3169718526046193,0.0023440390504941883
22.79547763823333,0.1407141047376788,20.0,2026-04-20 01:30:43.674,137.47879833333334,HD,1.2636980654325791,0.3534151532733276,0.0021815948620517696
23.261331721,0.1721700772743062,21.0,2026-04-20 01:45:43.963,137.7288786111111,F,1.2626316535630155,0.36033329818819426,0.002667027517498469
16.865310455,0.1648255491217583,27.0,2026-04-20 02:15:42.433,138.22845361111112,BACKGROUND,1.272229360389086,0.26324061912521546,0.0025726641507273266
8.876772165853334,0.1513680233083811,22.0,2026-04-20 02:30:44.460,138.47901666666667,HD,1.2626316535630155,0.137507027978946,0.0023447900461217286
14.071378574066664,0.2586448836099331,23.0,2026-04-20 02:45:44.388,138.72899666666666,LD,1.2626316535630155,0.2179748912256239,0.004006579033758874
22.87236439533333,0.1439452607713959,24.0,2026-04-20 03:00:42.681,138.9785225,HD,1.2626316535630155,0.35430793897720897,0.002229806581774114
40.97258402323334,0.311368331730452,25.0,2026-04-20 03:15:43.016,139.22861555555556,F,1.2626316535630155,0.6346922228470714,0.004823299855291614
35.8886094605,0.2483840545694909,26.0,2026-04-20 03:30:41.694,139.47824833333334,LD,1.2658308891717058,0.5573467465028182,0.0038573811239427033
19.248675352966668,0.1498962000989044,28.0,2026-04-20 04:00:40.825,139.97800694444445,BACKGROUND,1.2732957722586493,0.3006929836486099,0.0023416019450077045
9.90674084999333,0.1147536830267575,1.0,2026-04-20 04:15:43.993,140.22888694444444,HD_STD,1.2530339467369456,0.15229540105056646,0.001764097642526036
8.502299138320002,0.1504421031678317,2.0,2026-04-20 04:30:43.582,140.47877277777778,LD,1.2615652416934524,0.13159495662044524,0.002328478652442614
6.039594134160001,0.1487985856140989,3.0,2026-04-20 04:45:42.266,140.72840722222222,HD,1.2615652416934524,0.09347825984007005,0.002303040989327042
5.990199831963334,0.1168465209477009,4.0,2026-04-20 05:00:41.529,140.97820249999998,F,1.2541003586065087,0.0921651538099876,0.00179779938522971
5.738192745826667,0.121251662035881,5.0,2026-04-20 05:15:40.770,141.22799166666667,HD,1.2604988298238888,0.08873822317410317,0.001875095090487565
12.05496875446667,0.1238768182915984,11.0,2026-04-20 05:45:42.711,141.72853083333334,BACKGROUND,1.2700965366499595,0.18784341294736848,0.001930278278351649
5.666527477726666,0.1761094730538511,6.0,2026-04-20 06:00:43.615,141.97878194444445,LD,1.2615652416934524,0.08770409338565617,0.0027257472467088766
5.594180741336666,0.1231829562815899,7.0,2026-04-20 06:15:42.700,142.22852777777777,HD_STD,1.2626316535630155,0.0866575319661045,0.0019081848558758804
6.498943527836667,0.1390549411681293,8.0,2026-04-20 06:30:41.257,142.47812694444443,F,1.2626316535630155,0.10067290145774734,0.002154052320884201
5.570535046423332,0.1345848482934139,9.0,2026-04-20 06:45:42.053,142.72834805555556,HD,1.2285064737369882,0.0839590488289489,0.002028461495230795
7.992666429586666,0.2112337009594864,10.0,2026-04-20 07:00:40.380,142.97788333333332,LD,1.2636980654325791,0.1239162204058064,0.003274912330675552
24.259168202566663,0.1667352833560946,12.0,2026-04-20 07:30:40.410,143.47789166666666,BACKGROUND,1.2679637129108325,0.3773773931873107,0.0025937462513085383
12.498404226733332,0.1236654710056772,17.0,2026-04-20 07:45:41.361,143.72815583333332,F,1.2604988298238888,0.19328144464973654,0.0019124234146741666
14.744385398,0.2205216030329574,18.0,2026-04-20 08:00:41.907,143.9783075,LD,1.2636980654325791,0.22859311430330853,0.003418909547447089
13.847023195399998,0.181552744818368,19.0,2026-04-20 08:15:40.743,144.22798416666666,F,1.5228361497364749,0.2587037636836675,0.0033919476936541304
19.167041601366662,0.163186753878108,20.0,2026-04-20 08:30:39.904,144.4777511111111,HD,1.2636980654325791,0.297160825179719,0.0025300049663042733
19.75089414343333,0.1490418184005163,21.0,2026-04-20 08:45:39.154,144.72754277777778,F,1.2626316535630155,0.30595431569569936,0.0023087556050688223
15.9378145219,0.1998898506201626,27.0,2026-04-20 09:15:38.730,145.22742499999998,BACKGROUND,1.272229360389086,0.2487638856955632,0.0031199620175683535
8.587069947993333,0.1603745249206193,22.0,2026-04-20 09:30:38.273,145.47729805555556,HD,1.2626316535630155,0.13301935045016178,0.0024843066683856736
10.71907054376667,0.188317263287255,23.0,2026-04-20 09:45:39.403,145.72761194444445,LD,1.2626316535630155,0.16604543922394652,0.0029171580286098077
19.720166498666664,0.1388435702404291,24.0,2026-04-20 10:00:40.056,145.97779333333332,HD,1.2626316535630155,0.30547832430719557,0.0021507780464603272
31.28775233096667,0.1491419155642772,25.0,2026-04-20 10:15:39.206,146.22755722222223,F,1.2626316535630155,0.48466782235578365,0.002310306175843954
31.64991623643333,0.1474163783989337,26.0,2026-04-20 10:30:37.413,146.47705916666666,LD,1.2658308891717058,0.49152023738556627,0.0022893625614640732
17.896071975833333,0.1390179200435584,28.0,2026-04-20 11:00:38.180,146.97727222222224,BACKGROUND,1.2732957722586493,0.2795633039327159,0.0021716670052351864
8.954646297566667,0.1263220066299129,1.0,2026-04-20 11:15:39.826,147.22772944444444,HD_STD,1.2530339467369456,0.1376589404935129,0.001941936399923881
7.93262988778,0.1609823320818474,2.0,2026-04-20 11:30:38.246,147.47729055555556,LD,1.2615652416934524,0.12277785913972475,0.002491615816184365
5.969930622763334,0.1315283198288083,3.0,2026-04-20 11:45:38.059,147.72723861111112,HD,1.2615652416934524,0.09240003774847662,0.00203573918779481
