station,date,time,prec,surfwet,glorad,metp,megrtp,mesotp10,mesotp30,meanrh,meanwd,meanwv,wd2,wv2,pres,netrad,heatflux
6069,01/10/2025,0,0,0,0,5.8,3,11.6,12.4,93.6,null,null,69.9,0.2,1023.1,-28.5,-11.6
6069,01/10/2025,1,0,0,0,5.3,2.5,11.5,12.4,94.5,null,null,73.2,0.2,1023,-25.4,-13.1
6069,01/10/2025,2,0,0,0.1,4.9,2.2,11.3,12.3,95.3,null,null,55.6,0.2,1022.8,-21.6,-14.2
6069,01/10/2025,3,0,0,0,5.1,3.4,11.1,12.2,96.1,null,null,83.9,0.7,1022.9,-21.5,-15.2
6069,01/10/2025,4,0,0,0.1,4.6,2.6,11,12.2,96.1,null,null,96.8,0.5,1023,-18.9,-15.6
6069,01/10/2025,5,0,0,0.1,4,1.7,10.8,12.1,96.3,null,null,156.4,0.2,1023.2,-17.8,-15.8
6069,01/10/2025,6,0,0,3.4,3.5,1.4,10.7,12.1,96.6,null,null,166.6,0.3,1023.5,-12,-16.2
6069,01/10/2025,7,0,0,56.8,4.1,2.6,10.5,12,97.1,null,null,123.8,0.1,1024,20.3,-16.7
6069,01/10/2025,8,0,0,107.2,6.6,7.7,10.4,11.9,97.7,null,null,66,0.5,1024.6,50.9,-16.8
6069,01/10/2025,9,0,0,269,9.2,10.8,10.3,11.8,97,null,null,110.7,1.3,1024.8,167.2,-15.3
6069,01/10/2025,10,0,0,399.1,11.7,14.1,10.3,11.7,84.7,null,null,143.2,2.2,1025,199.5,-11.5
6069,01/10/2025,11,0,0,347.4,12.6,14.6,10.4,11.7,74,null,null,140.1,2.3,1024.8,182.3,-6.7
6069,01/10/2025,12,0,0,272.1,12.8,13.6,10.7,11.6,70.2,null,null,149.2,2.8,1024.4,141.5,-2.7
6069,01/10/2025,13,0,0,310.9,13.2,14.4,10.9,11.6,68.2,null,null,145.2,2.4,1024.4,166.8,-0.2
6069,01/10/2025,14,0,0,403.7,14.1,15.5,11.1,11.6,60.2,null,null,142.8,2.9,1024.2,208.6,1.7
6069,01/10/2025,15,0,0,298.4,13.7,14.4,11.3,11.6,56.3,null,null,155.8,3.5,1024,92.2,3.3
6069,01/10/2025,16,0,0,186.9,13,12.8,11.5,11.7,57.6,null,null,165.2,3.2,1023.8,6.8,3.3
6069,01/10/2025,17,0,0,38.7,11.3,9.9,11.6,11.7,64,null,null,154,1.9,1023.8,-77.2,2.2
6069,01/10/2025,18,0,0,1.1,9.8,7.5,11.6,11.8,70.8,null,null,144.5,1.3,1024,-54.7,0.1
6069,01/10/2025,19,0,0,0.1,9.4,7.4,11.6,11.8,71.8,null,null,138.8,1.4,1024,-73.2,-2.4
6069,01/10/2025,20,0,0,0,8.4,5.1,11.5,11.8,74.2,null,null,135.6,1.1,1023.8,-86.1,-4.1
6069,01/10/2025,21,0,0,0.1,7,3.7,11.4,11.8,80.6,null,null,137.8,0.7,1023.7,-76.5,-6.5
6069,01/10/2025,22,0,0,0.1,6.8,3.6,11.3,11.8,81.7,null,null,158.1,0.7,1023.4,-73.5,-9.1
6069,01/10/2025,23,0,0,0,6.4,3.3,11.2,11.9,83.9,null,null,131.3,0.9,1023.3,-73.9,-11
6069,02/10/2025,0,0,0,0,6,3,11,11.8,87.2,null,null,142.6,0.9,1023.2,-63.4,-12.4
6069,02/10/2025,1,0,0,0.2,6,3.1,10.8,11.8,89,null,null,146.2,1,1023.2,-45.2,-13.5
6069,02/10/2025,2,0,0,0,6,3.7,10.7,11.8,89.7,null,null,136.6,1.5,1023,-37.4,-14.4
6069,02/10/2025,3,0,0,0,5.9,3.9,10.6,11.7,88.8,null,null,142.8,1.5,1022.8,-38,-14.8
6069,02/10/2025,4,0,0,0,5.6,3.6,10.5,11.6,89.2,null,null,145.2,1.5,1022.5,-39.7,-14.7
6069,02/10/2025,5,0,0,0.1,5.3,3,10.4,11.6,90.2,null,null,161.8,0.6,1022.3,-29.2,-14.4
6069,02/10/2025,6,0,0,3.8,5.6,3.8,10.3,11.5,91.3,null,null,147.8,1.4,1022.2,-29.9,-14.6
6069,02/10/2025,7,0,0,89.8,6.2,5.7,10.2,11.5,92.4,null,null,165.3,1,1022.5,19.7,-14.6
6069,02/10/2025,8,0,0,197.7,8,9.3,10.2,11.4,87.7,null,null,151.5,1.8,1022.9,29.1,-13.7
6069,02/10/2025,9,0,0,338.6,10.2,12.1,10.2,11.4,82.5,null,null,156.8,2.2,1022.9,130.6,-11.3
6069,02/10/2025,10,0,0,465.7,12.1,14.1,10.2,11.3,69.5,null,null,170,3.2,1022.7,235.4,-8.2
6069,02/10/2025,11,0,0,348.4,12.6,13.8,10.3,11.3,64.4,null,null,169.4,3.7,1022.1,190.7,-4.4
6069,02/10/2025,12,0,0,365.2,12.9,13.9,10.5,11.3,62.4,null,null,162.8,4.3,1021.5,197.3,-1.1
6069,02/10/2025,13,0,0,271.6,12.9,13.3,10.7,11.3,62.2,null,null,151.6,4.2,1021,138.8,1
6069,02/10/2025,14,0,0,387.9,13.3,14.3,10.9,11.3,58.9,null,null,158.4,4.4,1020.6,201.3,2
6069,02/10/2025,15,0,0,186.1,12.7,12.8,11,11.3,62.4,null,null,161.4,3.9,1020,36.4,2.7
6069,02/10/2025,16,0,0,122.7,12.2,11.6,11.2,11.4,63.9,null,null,157,3.3,1019.7,-18.1,2.5
6069,02/10/2025,17,0,0,28.8,11,9.5,11.2,11.4,69.9,null,null,146.5,1.8,1019.4,-67.2,1.2
6069,02/10/2025,18,0,0,0.6,9.5,7.7,11.2,11.4,76.3,null,null,146.4,1.9,1018.8,-85.1,-0.6
6069,02/10/2025,19,0,0,0,8.8,7.2,11.2,11.5,81.6,null,null,142.7,2.1,1018.6,-83.4,-2.5
6069,02/10/2025,20,0,0,0,8.2,7,11.2,11.5,86,null,null,146.8,2.7,1018.1,-88.9,-4.1
6069,02/10/2025,21,0,0,0,7.6,6.4,11.1,11.5,86.5,null,null,149.6,2.5,1017.8,-88.3,-5.4
6069,02/10/2025,22,0,0,0,7.2,6,11,11.5,85.4,null,null,151.2,2.6,1017.5,-85.7,-6.5
6069,02/10/2025,23,0,0,0,7.4,6.3,11,11.5,84,null,null,145,3.1,1017,-86.3,-7.4
6069,03/10/2025,0,0,0,0,7.7,6.6,10.9,11.5,83.4,null,null,146.9,3.4,1016.4,-87.3,-8.1
6069,03/10/2025,1,0,0,0,7.7,6.7,10.8,11.5,84.9,null,null,147.8,3.4,1016.1,-86.7,-8.6
6069,03/10/2025,2,0,0,0,7.8,6.8,10.7,11.5,87.3,null,null,146.2,3.4,1015.7,-86.7,-8.9
6069,03/10/2025,3,0,0,0,7.9,7.1,10.7,11.4,90.2,null,null,145.6,3.4,1015.3,-87.4,-9.1
6069,03/10/2025,4,0,0,0,8.1,7.2,10.6,11.4,90.7,null,null,144.4,3.3,1014.8,-86.8,-9.2
6069,03/10/2025,5,0,0,0,8.1,7.3,10.6,11.4,90.7,null,null,146.5,3.4,1014.5,-84.2,-9.1
6069,03/10/2025,6,0,0,5.6,8.3,7.5,10.5,11.4,89.8,null,null,144.7,3.7,1013.9,-81.5,-9
6069,03/10/2025,7,0,0,99.3,9,8.7,10.5,11.3,87,null,null,149.2,4,1013.6,-24.1,-8.9
6069,03/10/2025,8,0,0,173.8,10,10.1,10.5,11.3,82.4,null,null,150.8,4.5,1013.4,24.9,-8.2
6069,03/10/2025,9,0,0,300,11.1,11.6,10.5,11.3,76.1,null,null,152.7,4.9,1013,111.1,-6.8
6069,03/10/2025,10,0,0,425.4,12.3,13,10.5,11.3,67.9,null,null,155.4,6.1,1012.5,199.1,-5
6069,03/10/2025,11,0,0,494.9,13.1,14.2,10.6,11.2,64.1,null,null,163.9,6.7,1011.7,251.7,-2.9
6069,03/10/2025,12,0,0,484.7,13.7,14.8,10.7,11.2,59.2,null,null,158.3,6.6,1010.9,246.4,-1
6069,03/10/2025,13,0,0,363.7,13.8,14.1,10.9,11.2,57.6,null,null,165.3,7,1010.3,190.1,0.7
6069,03/10/2025,14,0,0,272.9,14,14.1,11,11.3,56.4,null,null,157.5,6.6,1009.4,135.5,1.7
6069,03/10/2025,15,0,0,183.5,13.8,13.6,11.1,11.3,56,null,null,157.8,5.8,1008.4,69.9,2.2
6069,03/10/2025,16,0,0,88.6,13.3,12.7,11.2,11.3,55.4,null,null,158.5,5.8,1007.5,2.3,2.1
6069,03/10/2025,17,0,0,25.3,12.6,11.7,11.3,11.4,57.5,null,null,157.3,5.9,1006.6,-49.3,1.2
6069,03/10/2025,18,0,0,0.6,11.7,11,11.3,11.4,64.7,null,null,146.6,6.2,1005.2,-67.9,-0.3
6069,03/10/2025,19,0,0,0,11.4,10.6,11.3,11.4,65.4,null,null,150,6.7,1004.2,-67,-1.9
6069,03/10/2025,20,0,0,0,11.6,10.8,11.2,11.5,64.2,null,null,150.3,7.3,1002.5,-59.6,-3.1
6069,03/10/2025,21,0,0,0,11.8,11.1,11.1,11.5,62.6,null,null,151,8,1000.5,-54.5,-4.1
6069,03/10/2025,22,0,0,0,11.8,11.2,11.1,11.5,62.7,null,null,151.6,8.4,998.7,-49.6,-4.7
6069,03/10/2025,23,0,0,0,11.8,11.2,11.1,11.5,63.6,null,null,155.5,8.1,996.9,-39.5,-5.1
6069,04/10/2025,0,0,0,0.5,11.3,10.6,11,11.5,67.2,null,null,155.7,8.6,994.4,-27.2,-5.3
6069,04/10/2025,1,1.3,0,2.3,9.7,9,11,11.5,81,null,null,154.5,8.5,991.8,-14.5,-5.5
6069,04/10/2025,2,0.5,0,1.3,9.3,8.7,10.9,11.5,85,null,null,157,8.7,989.4,-14.6,-5.8
6069,04/10/2025,3,0.2,0,2.7,9.1,8.6,10.9,11.4,85.2,null,null,151.8,9.4,985.9,-10.4,-6.1
6069,04/10/2025,4,4,0,0.1,8.8,8.5,10.9,11.4,91.4,null,null,155.9,9,983.7,-11.9,-6.4
6069,04/10/2025,5,6.8,0,0.4,9,8.8,10.8,11.4,94,null,null,158.8,8.3,982,-12.1,-7.3
6069,04/10/2025,6,3.7,0,1,9.3,9.1,10.7,11.4,93.8,null,null,166.7,7.7,981.2,-11.8,-8.7
6069,04/10/2025,7,2,0,4.6,9.5,9.3,10.7,11.4,94.2,null,null,171.6,6.6,980.5,-9.3,-8.7
6069,04/10/2025,8,1.2,0,18.3,9.6,9.4,10.6,11.4,93.9,null,null,172.6,6.3,979.5,-2,-8
6069,04/10/2025,9,0.1,0,50.8,9.8,9.6,10.6,11.3,94.6,null,null,168.4,5.2,978.6,19.9,-7.2
6069,04/10/2025,10,0.5,0,175.3,10.4,10.6,10.6,11.3,93.8,null,null,174.1,4.9,978.4,101.9,-6.2
6069,04/10/2025,11,0,0,131.5,10.9,10.9,10.7,11.3,92.8,null,null,176.6,3.9,978,64.3,-4.5
6069,04/10/2025,12,0,0,291,11.8,12,10.8,11.3,90.2,null,null,175.1,4.3,977.3,147.8,-2.8
6069,04/10/2025,13,0,0,87.4,11.7,11.6,10.8,11.3,87.8,null,null,176.8,4.9,976.9,35.6,-0.9
6069,04/10/2025,14,0.4,0,108.8,10.7,10.5,11,11.3,88.1,null,null,176.6,4.1,976.5,55.9,0.2
6069,04/10/2025,15,0,0,218.5,11.5,11.7,11.1,11.3,87.7,null,null,181.1,3.8,976.3,103.9,0.2
6069,04/10/2025,16,0,0,100.8,11.6,11.4,11.1,11.3,84.3,null,null,198.2,3.7,976.1,-4.3,0.8
6069,04/10/2025,17,0,0,21.8,10.7,10,11.2,11.3,86.5,null,null,188.2,3.1,975.9,-56.6,0.8
6069,04/10/2025,18,0,0,0,9.8,9,11.3,11.4,88.3,null,null,180.4,2.9,976,-63.4,-0.1
6069,04/10/2025,19,0,0,0.4,9.4,8.8,11.2,11.4,89.5,null,null,192.2,3.2,975.9,-43.2,-1.5
6069,04/10/2025,20,0.1,0,0,9.2,8.7,11.2,11.4,92.2,null,null,201.1,2.7,976.2,-14.5,-2.5
6069,04/10/2025,21,0,0,0,8.7,8,11.2,11.4,94.3,null,null,186.7,2.7,976.4,-14.7,-3.2
6069,04/10/2025,22,0.7,0,0.1,8.9,8.6,11.1,11.4,95.3,null,null,200.7,2.6,977,-26,-4
6069,04/10/2025,23,0.1,0,0,9,8.7,11.1,11.4,94.9,null,null,200.9,2.3,977.2,-13.6,-4.5
6069,05/10/2025,0,0.4,0,0.2,9.1,8.9,11,11.5,94.6,null,null,209.3,2.9,977.5,-11.9,-4.6
6069,05/10/2025,1,0.9,0,0.2,9.2,9.1,11,11.4,94.9,null,null,207.2,3.1,977.6,-16.6,-4.6
6069,05/10/2025,2,0.3,0,0.1,9.4,9.1,11,11.4,95.1,null,null,200.9,3.1,977.7,-17.2,-4.6
6069,05/10/2025,3,0.2,0,0.2,9.6,9.3,11,11.4,94.1,null,null,227.9,3.3,978,-22.7,-4.5
6069,05/10/2025,4,0,0,0.3,9.7,9.3,11,11.4,93.5,null,null,224.1,3.2,978.2,-25.4,-4.4
6069,05/10/2025,5,0.2,0,0.3,9.9,9.4,11,11.4,93.4,null,null,227.1,3.2,978.6,-29.3,-4.3
6069,05/10/2025,6,0.1,0,1.4,9.9,9.3,11,11.4,93.3,null,null,230.4,3.2,979.2,-28.9,-4.2
6069,05/10/2025,7,0.3,0,34.7,9.9,9.4,10.9,11.4,93.4,null,null,218.5,3.2,979.8,-24.1,-4.3
6069,05/10/2025,8,0.2,0,119.3,10.5,10.4,11,11.4,92.4,null,null,221.4,3.4,980.7,42.9,-4.2
6069,05/10/2025,9,0.3,0,170.4,10.8,10.9,11,11.4,92.2,null,null,231.1,3.8,981.1,95.4,-3.3
6069,05/10/2025,10,0.4,0,154.6,11.3,11.3,11,11.4,92.1,null,null,223.4,4.5,981.2,97.3,-2.1
6069,05/10/2025,11,0.7,0,143.7,11.6,11.6,11.1,11.4,92.3,null,null,241.8,4.7,981.4,91,-0.7
6069,05/10/2025,12,1.1,0,120.7,11.7,11.7,11.1,11.4,92.8,null,null,244.7,4.1,981.6,75.2,0.4
6069,05/10/2025,13,0.3,0,90.1,11.7,11.6,11.2,11.4,92.1,null,null,251.6,4.6,981.7,53.1,1.3
6069,05/10/2025,14,0.8,0,78.2,11.6,11.6,11.3,11.4,93.8,null,null,244,5.2,981.6,45.2,1.7
6069,05/10/2025,15,1.2,0,66.5,11.7,11.6,11.4,11.5,94.7,null,null,256.1,4.6,981.7,36.2,1.8
6069,05/10/2025,16,0.2,0,49.5,12.2,11.7,11.4,11.5,90.1,null,null,268.2,5.4,982.1,17.4,1.7
6069,05/10/2025,17,0.2,0,11.7,12.2,11.5,11.5,11.5,89.2,null,null,273.6,6,982.3,-9.8,1.5
6069,05/10/2025,18,0,0,2.5,12.8,11.7,11.5,11.5,86.1,null,null,292.8,6.1,983.3,-16.8,1
6069,05/10/2025,19,0,0,0.8,13,11.6,11.6,11.6,80.4,null,null,308.3,6.6,984.9,-17.7,0.5
6069,05/10/2025,20,0.2,0,0.5,12.6,11.9,11.6,11.6,88.3,null,null,309.4,6.7,987,-19.8,0
6069,05/10/2025,21,0.3,0,0.7,12.6,11.8,11.6,11.6,89.2,null,null,310.8,5.9,988.9,-23.3,-0.3
6069,05/10/2025,22,0,0,1.6,12.5,11.5,11.6,11.6,85.1,null,null,314.3,6.3,990.7,-41.5,-0.4
6069,05/10/2025,23,0,0,0,12.2,11.3,11.6,11.6,84,null,null,311.6,6.2,992.2,-78.6,-0.7
6069,06/10/2025,0,0,0,0,11.8,10.8,11.6,11.7,83.6,null,null,314,5.4,993.6,-89,-1.3
6069,06/10/2025,1,0,0,0,11.5,10.6,11.6,11.7,83.6,null,null,313.5,5.5,994.9,-90.1,-2.1
6069,06/10/2025,2,0,0,0,11.3,10.4,11.6,11.7,83.8,null,null,313.7,4.9,996,-88.2,-2.8
6069,06/10/2025,3,0,0,0,11,10.2,11.5,11.7,85.6,null,null,307,4,997.1,-81,-3.4
6069,06/10/2025,4,0,0,0,10.8,10,11.5,11.7,86.1,null,null,302.5,3.5,998.2,-85.8,-3.9
6069,06/10/2025,5,0,0,0,10.7,9.7,11.5,11.7,85.1,null,null,303.4,3.6,999.2,-84.8,-4.3
6069,06/10/2025,6,0,0,2.3,10.5,9.5,11.4,11.7,84.7,null,null,306,3.2,1000.1,-76.7,-4.7
6069,06/10/2025,7,0,0,30.4,10.2,9.4,11.4,11.7,85.2,null,null,296,2.2,1001,-51.2,-5
6069,06/10/2025,8,0,0,119.7,10.2,9.6,11.4,11.7,83.6,null,null,286.7,2.1,1002,-10.5,-5
6069,06/10/2025,9,0,0,299.1,12,12.5,11.3,11.7,80.2,null,null,305.4,3.4,1003.2,104.5,-4.8
6069,06/10/2025,10,0,0,394.5,13.2,13.8,11.3,11.7,73.7,null,null,311.3,3.8,1004.3,181.8,-3.5
6069,06/10/2025,11,0,0,458.4,14,15.2,11.4,11.6,72,null,null,317.6,4.1,1005,247.5,-1.6
6069,06/10/2025,12,0,0,404.6,14,15.3,11.5,11.7,72.6,null,null,318.4,3.6,1005.5,200.2,0.9
6069,06/10/2025,13,0,0,414.6,14.4,15.3,11.6,11.7,68,null,null,319.2,4,1006,194.6,2.8
6069,06/10/2025,14,0,0,339.3,14.6,15.3,11.7,11.7,68.9,null,null,309.6,3.6,1006.6,134.3,3.8
6069,06/10/2025,15,0,0,115.8,13.9,13.6,11.8,11.7,73.7,null,null,317.3,2.5,1007.1,9.1,4.3
6069,06/10/2025,16,0,0,59.9,13.6,13.2,11.9,11.7,79.8,null,null,295.2,2.4,1007.8,-12.7,3.9
6069,06/10/2025,17,0,0,15.7,13.2,12.7,12,11.8,84.6,null,null,288.2,2.3,1008.2,-31.8,3.4
6069,06/10/2025,18,0,0,0.3,12.9,12.3,12.1,11.8,86.8,null,null,282.5,1.6,1008.8,-33.3,2.7
6069,06/10/2025,19,0,0,0,12.4,11.5,12.1,11.9,89.8,null,null,260.4,0.9,1009.1,-43.1,2
6069,06/10/2025,20,0,0,0,12.2,11.4,12.1,11.9,92,null,null,265,0.9,1009.5,-35.7,1.2
6069,06/10/2025,21,0,0,0.2,12.1,11.2,12.1,11.9,92.8,null,null,240.8,0.7,1009.8,-29.3,0.5
6069,06/10/2025,22,0,0,0,12.1,11.6,12.1,12,93.4,null,null,253.4,1,1010.2,-33.2,0.1
6069,06/10/2025,23,0,0,0,11.6,10.2,12.1,12,93.8,null,null,208.6,0.7,1010.1,-52,-0.2
6069,07/10/2025,0,0,0,0,11,9.3,12,12,95.6,null,null,195.7,0.6,1010.2,-34.3,-1.1
6069,07/10/2025,1,0,0,0.1,11.3,10.9,12,12,96.4,null,null,235,1.2,1010.7,-14.1,-2.4
6069,07/10/2025,2,0.3,0,0.4,11.7,11.5,12,12,96.6,null,null,223.4,1,1010.8,-14.2,-2.6
6069,07/10/2025,3,0,0,0.2,11.7,11.5,11.9,12,96.9,null,null,180.9,1.2,1010.2,-16.2,-2.1
6069,07/10/2025,4,0,0,0.2,11.7,11.6,11.9,12,97.1,null,null,197.2,1.5,1010,-14.5,-1.7
6069,07/10/2025,5,0,0,0.3,11.9,11.9,11.9,12,97.2,null,null,194.6,1.6,1010.4,-13.4,-1.3
6069,07/10/2025,6,0,0,0.5,12.1,12.1,11.9,12,97.4,null,null,185.7,1.7,1010.2,-13.3,-0.9
6069,07/10/2025,7,0.1,0,9.6,12.3,12.3,12,12,97.6,null,null,185.4,2.2,1010.1,-6.1,-0.6
6069,07/10/2025,8,0.3,0,25.2,12.6,12.7,12,12,97.9,null,null,203.6,2.1,1010.3,6.5,-0.3
6069,07/10/2025,9,2.3,0,34.2,13.2,13.3,12,12,97.9,null,null,194.6,2.2,1010.3,12.6,0.2
6069,07/10/2025,10,3.5,0,42.2,13.6,13.7,12,12,97.6,null,null,199.6,2.4,1010.2,18.5,1
6069,07/10/2025,11,1.1,0,44,14,14.1,12.1,12.1,97.3,null,null,218.2,1.8,1010.4,19.5,2.1
6069,07/10/2025,12,0.1,0,105.5,14.5,14.8,12.2,12.1,97,null,null,216.4,2,1010.1,59.2,2.7
6069,07/10/2025,13,0,0,175.9,15.1,15.5,12.2,12.1,94.5,null,null,233.2,2.2,1009.8,92.6,3.7
6069,07/10/2025,14,0,0,113.5,15.2,14.9,12.4,12.1,89.9,null,null,218.3,2.2,1009.5,53.1,5.2
6069,07/10/2025,15,0,0,83.1,15,14.5,12.5,12.2,88.1,null,null,211,2.2,1009,25.7,6.3
6069,07/10/2025,16,0,0,27.3,15,14.5,12.6,12.2,89.3,null,null,233,2.3,1008.8,-4.7,6.4
6069,07/10/2025,17,0,0,7.5,14.7,14.1,12.6,12.2,88.9,null,null,239.8,2.4,1008.5,-27.3,6.1
6069,07/10/2025,18,0,0,0,14.1,13.1,12.7,12.3,87.4,null,null,255,2.4,1008.6,-42.9,5.3
6069,07/10/2025,19,0,0,0,13.4,12.5,12.7,12.3,89.4,null,null,248.9,2.2,1008.5,-40.5,4.4
6069,07/10/2025,20,0,0,0,13.1,12.3,12.7,12.4,90.8,null,null,251.5,2.5,1008.7,-47.1,3.5
6069,07/10/2025,21,0,0,0,12.6,12,12.7,12.4,92.3,null,null,244,2.2,1008.6,-47.6,2.7
6069,07/10/2025,22,0,0,0,12.4,11.7,12.7,12.4,92.9,null,null,237.3,2.4,1008.3,-54.1,2.1
6069,07/10/2025,23,0,0,0,12.1,11.3,12.7,12.4,93.1,null,null,233.1,2,1008.1,-53.1,1.4
6069,08/10/2025,0,0,0,0.3,12.3,11.8,12.7,12.5,92.9,null,null,242.8,2.3,1008.1,-30,0.8
6069,08/10/2025,1,0,0,0.3,12.5,12.1,12.6,12.5,93,null,null,232.4,2.2,1007.8,-19.3,0.5
6069,08/10/2025,2,0,0,0,12.6,12.3,12.6,12.5,94.1,null,null,240.2,2.2,1007.6,-16.3,0.4
6069,08/10/2025,3,0,0,0.2,12.8,12.5,12.6,12.5,95.3,null,null,253.6,2.1,1007.4,-16.5,0.5
6069,08/10/2025,4,0,0,0.1,12.9,12.7,12.6,12.5,95.5,null,null,269.7,2.2,1007.2,-18.6,0.6
6069,08/10/2025,5,0,0,0.1,12.8,12.4,12.6,12.5,94.5,null,null,282,2,1007.3,-30.8,0.8
6069,08/10/2025,6,0,0,0.8,12.7,12.3,12.6,12.5,94.5,null,null,272.8,1.7,1007.6,-22.5,0.7
6069,08/10/2025,7,0,0,34.5,12.2,11.6,12.6,12.5,95.2,null,null,267.6,1.5,1007.6,-12.9,0.6
6069,08/10/2025,8,0,0,178.8,12.5,12.7,12.6,12.5,92.3,null,null,290.9,2.4,1008,43.5,0.3
6069,08/10/2025,9,0,0,251.1,12.8,13.3,12.6,12.5,86.7,null,null,300.8,3,1008.3,93.7,0.6
6069,08/10/2025,10,0,0,401.8,13.3,14.2,12.6,12.5,78.4,null,null,291.9,3.3,1008.4,190.6,1.4
6069,08/10/2025,11,0,0,235.7,13.5,14.3,12.7,12.5,73.1,null,null,297.4,3,1008.4,121.9,2.4
6069,08/10/2025,12,0,0,261.4,13.5,13.9,12.7,12.5,69.4,null,null,292.4,3.2,1008.4,144.6,3.5
6069,08/10/2025,13,0,0,373.8,13.8,14.4,12.8,12.6,64.8,null,null,308.4,3.1,1008.4,178.3,4.5
6069,08/10/2025,14,0,0,383.7,14.3,15.6,12.9,12.6,58.7,null,null,298.4,2.8,1008.6,160.5,4.7
6069,08/10/2025,15,0,0,269,14.2,15.4,12.9,12.6,59.4,null,null,295.9,2.4,1008.6,64.8,4.5
6069,08/10/2025,16,0,0,130.2,13.6,13.9,13,12.6,59.3,null,null,308.4,2.2,1008.5,-37.7,3.9
6069,08/10/2025,17,0,0,11.5,11.9,10.5,13,12.6,66,null,null,274.8,0.9,1008.7,-63.8,2.4
6069,08/10/2025,18,0,0,0,11,9.9,13,12.7,73.5,null,null,277.8,1,1008.8,-52.5,0.4
6069,08/10/2025,19,0,0,0,10.4,9.2,12.9,12.7,81.7,null,null,256.6,0.7,1009.1,-52.1,-1.1
6069,08/10/2025,20,0,0,0,10.5,9.9,12.8,12.7,86.2,null,null,260.7,1.1,1009.2,-39.9,-2.2
6069,08/10/2025,21,0,0,0,9.8,8.5,12.8,12.7,88.1,null,null,263.3,1,1009.4,-83.2,-2.8
6069,08/10/2025,22,0,0,0,8.9,7.3,12.7,12.7,91.3,null,null,237.7,0.8,1009.6,-62.2,-3.8
6069,08/10/2025,23,0,0,0,8.5,7.2,12.6,12.7,91.7,null,null,229,1.1,1009.5,-45,-5.2
6069,09/10/2025,0,0,0,0,8.1,6.7,12.4,12.7,92.5,null,null,232.8,0.9,1009.4,-36.6,-6.3
6069,09/10/2025,1,0,0,0,7.8,6.3,12.3,12.7,92.1,null,null,218.8,0.9,1009.3,-31.6,-7.2
6069,09/10/2025,2,0,0,0,7.6,6.1,12.2,12.6,91.6,null,null,229.5,1,1009.3,-29.6,-8.2
6069,09/10/2025,3,0,0,0,7.6,6.6,12.1,12.6,90.6,null,null,233.8,1.4,1009,-28.8,-9
6069,09/10/2025,4,0,0,0,7.5,6.6,12,12.5,91.2,null,null,229.6,1.4,1008.8,-28,-9.3
6069,09/10/2025,5,0,0,0,7.2,6,11.9,12.5,92.3,null,null,205.3,1.1,1008.7,-25.4,-9.4
6069,09/10/2025,6,0,0,0.8,7.6,7.1,11.8,12.5,93.2,null,null,210.7,1.3,1008.6,-20.8,-9.6
6069,09/10/2025,7,0,0,37.2,8.4,8.1,11.7,12.4,93.7,null,null,213.4,1.7,1008.6,3.2,-9.4
6069,09/10/2025,8,0,0,117.5,9.6,9.9,11.6,12.3,91.7,null,null,209,2.2,1008.7,22.7,-8.8
6069,09/10/2025,9,0,0,148.3,11.2,11.6,11.6,12.3,90.2,null,null,228.6,2.6,1008.6,65,-7.6
6069,09/10/2025,10,0,0,140.1,12.4,12.8,11.6,12.2,90,null,null,239,2.8,1008.6,82.8,-5.8
6069,09/10/2025,11,0,0,90.4,12.5,12.7,11.6,12.2,93.8,null,null,254.6,2.8,1008.5,53.2,-3.6
6069,09/10/2025,12,0,0,116.4,12.7,12.9,11.7,12.2,93.1,null,null,256,3.4,1008,71.9,-1.9
6069,09/10/2025,13,0,0,113.8,13,13.1,11.8,12.2,92.6,null,null,262.4,3.3,1008,70.3,-0.7
6069,09/10/2025,14,0,0,79.6,13.4,13.3,11.9,12.2,90.5,null,null,249.1,3.4,1007.5,41.4,0.5
6069,09/10/2025,15,0,0,49.6,13,12.9,12.1,12.2,92,null,null,257.9,3.6,1007.2,17.9,1.2
6069,09/10/2025,16,0,0,23.7,12.8,12.7,12.1,12.2,91.4,null,null,275.2,3.3,1007.3,-5.8,1.3
6069,09/10/2025,17,0,0,8.4,12.5,12,12.2,12.2,84,null,null,281.8,3.2,1007.5,-41,1.2
6069,09/10/2025,18,0,0,0.3,11.9,11.4,12.3,12.2,84.8,null,null,270.7,2.7,1007.6,-39.7,0.5
6069,09/10/2025,19,0,0,0,11.5,11.1,12.2,12.3,88.3,null,null,269.4,2.6,1007.9,-51.8,-0.6
6069,09/10/2025,20,0.1,0,0,11.5,10.8,12.2,12.3,84.3,null,null,273.2,2.7,1008.6,-64.8,-1.4
6069,09/10/2025,21,0,0,0,11.6,11.1,12.2,12.3,84.4,null,null,278.1,3.1,1009,-40.3,-2.2
6069,09/10/2025,22,0,0,0,11.6,10.9,12.1,12.3,79.1,null,null,288.1,4.2,1009.5,-63.4,-2.7
6069,09/10/2025,23,0,0,0,11.3,10.6,12.1,12.3,80.6,null,null,282.2,3.7,1009.7,-67.6,-3.3
6069,10/10/2025,0,0,0,0,11.2,10.5,12,12.3,79.7,null,null,283,4.1,1009.8,-71.9,-4
6069,10/10/2025,1,0,0,0.1,11.5,10.9,12,12.3,79.3,null,null,282,3.6,1010.2,-41.7,-4.6
6069,10/10/2025,2,0,0,0,11.6,11.1,11.9,12.3,79.8,null,null,286.1,3.7,1010.2,-47.2,-4.9
6069,10/10/2025,3,0,0,0,11.6,11,11.9,12.2,80,null,null,291.2,4.3,1010.1,-52.9,-4.9
6069,10/10/2025,4,0,0,0,11.9,11.5,11.9,12.2,80,null,null,295.2,4.6,1010.4,-38.9,-4.9
6069,10/10/2025,5,0,0,0,12.1,11.7,11.8,12.2,80.9,null,null,299.2,4.9,1011,-29.8,-4.8
6069,10/10/2025,6,0,0,0.8,12.1,11.8,11.8,12.2,82.4,null,null,295.6,4.8,1011.3,-27.4,-4.6
6069,10/10/2025,7,0,0,20.1,12.3,12,11.8,12.2,83.8,null,null,302.7,5.2,1012.3,-18.7,-4.2
6069,10/10/2025,8,0,0,72.2,12.7,12.6,11.8,12.2,84.8,null,null,298.2,4.8,1012.9,22.6,-3.8
6069,10/10/2025,9,0,0,64.7,13.1,13,11.8,12.2,86.7,null,null,299.4,4.8,1013.6,26.4,-2.9
6069,10/10/2025,10,0,0,140.6,13.7,13.8,11.9,12.1,84.4,null,null,293,4.8,1013.9,77,-1.9
6069,10/10/2025,11,0,0,202.8,13.9,14.1,11.9,12.1,82,null,null,295.5,4.9,1014.4,109,-0.5
6069,10/10/2025,12,0,0,84.8,13.8,13.8,12,12.1,80.5,null,null,292.5,5,1014.6,37.7,0.7
6069,10/10/2025,13,0,0,101.4,13.7,13.6,12.1,12.2,82,null,null,295.3,5,1014.6,49.9,1.3
6069,10/10/2025,14,0,0,75.7,13.8,13.7,12.2,12.2,80.4,null,null,292.3,4.8,1014.6,31.3,1.5
6069,10/10/2025,15,0,0,91.8,13.6,13.5,12.2,12.2,82,null,null,289.2,5,1014.5,41.6,1.6
6069,10/10/2025,16,0,0,50,13.4,13.2,12.3,12.2,82.9,null,null,287.9,4.8,1014.6,13.9,1.7
6069,10/10/2025,17,0,0,8.6,13.2,13,12.4,12.2,85.2,null,null,284.4,4.5,1014.9,-16.1,1.5
6069,10/10/2025,18,0,0,0.1,13.1,12.9,12.4,12.3,83.9,null,null,288.1,5.3,1015.3,-21.4,1.1
6069,10/10/2025,19,0,0,0,12.5,12.3,12.4,12.3,88.5,null,null,290.3,5.1,1015.6,-18.4,0.6
6069,10/10/2025,20,0,0,0.2,12.3,12.1,12.4,12.3,91.7,null,null,291.1,4.9,1015.5,-16.6,0.1
6069,10/10/2025,21,0,0,0.1,12.6,12.4,12.4,12.3,87.5,null,null,293.2,5.5,1015.6,-19.6,-0.2
6069,10/10/2025,22,0,0,0,12.7,12.5,12.4,12.4,84.8,null,null,286.8,4.9,1015.8,-20.5,-0.5
6069,10/10/2025,23,0,0,0.1,12.3,12,12.4,12.3,85,null,null,289.2,5.4,1015.7,-21.8,-0.7
6069,11/10/2025,0,0,0,0.1,12,11.7,12.3,12.4,80.7,null,null,293.9,5.5,1015.8,-23.1,-1.1
6069,11/10/2025,1,0,0,0,12,11.7,12.3,12.4,81.8,null,null,290.1,5.5,1016,-28.7,-1.8
6069,11/10/2025,2,0,0,0.1,11.9,11.7,12.3,12.4,84,null,null,295.8,5.3,1016.2,-23.9,-2.3
6069,11/10/2025,3,0,0,0.1,11.9,11.7,12.3,12.4,83.6,null,null,296.6,5,1016.3,-23.1,-2.5
6069,11/10/2025,4,0,0,0.2,11.8,11.5,12.2,12.4,84.7,null,null,291,5.2,1016.5,-21.4,-2.7
6069,11/10/2025,5,0,0,0.1,11.7,11.5,12.2,12.4,84.7,null,null,296.5,5.4,1016.6,-21.5,-2.8
6069,11/10/2025,6,0,0,0.2,11.8,11.6,12.2,12.4,84.4,null,null,299,5.4,1016.8,-25.3,-3
6069,11/10/2025,7,0,0,19.9,11.5,11.4,12.1,12.3,87.5,null,null,298.5,5.6,1016.8,-16.7,-3.1
6069,11/10/2025,8,0,0,56.4,11.7,11.7,12.1,12.3,87,null,null,293.9,4.8,1017.1,22.1,-3.1
6069,11/10/2025,9,0,0,86.9,11.9,12,12.1,12.3,86.5,null,null,299.7,4.6,1017.7,45.1,-2.8
6069,11/10/2025,10,0,0,126.1,12.4,12.6,12.1,12.3,82.8,null,null,297.1,4.4,1018.1,70.5,-2.2
6069,11/10/2025,11,0,0,189.5,12.9,13.4,12.2,12.3,83.1,null,null,289.8,4.5,1018.2,115.4,-1.3
6069,11/10/2025,12,0,0,257.9,13.3,13.7,12.2,12.3,82.5,null,null,290.6,5.1,1018.1,145.6,0.1
6069,11/10/2025,13,0,0,319.9,13.6,14.5,12.3,12.3,80.4,null,null,296.4,5.6,1017.9,181.6,1.4
6069,11/10/2025,14,0,0,221.5,13.4,14,12.4,12.3,81.1,null,null,296.1,5.2,1018.1,127.5,2.6
6069,11/10/2025,15,0,0,124.2,12.8,13.1,12.5,12.3,83.7,null,null,296,4.9,1018,57.8,3.2
6069,11/10/2025,16,0,0,63.5,12.4,12.4,12.6,12.4,85.5,null,null,293.6,4.8,1017.6,5.1,2.9
6069,11/10/2025,17,0,0,10.8,11.9,11.8,12.6,12.4,86.6,null,null,291,5,1018,-17.7,2.2
6069,11/10/2025,18,0,0,0.3,11.6,11.5,12.7,12.4,88.4,null,null,294.9,4.1,1018,-25.9,1
6069,11/10/2025,19,0,0,0.1,11.5,11.4,12.6,12.5,89.4,null,null,288.2,3.3,1018.1,-20.2,0
6069,11/10/2025,20,0,0,0.1,11.8,11.6,12.6,12.5,90.8,null,null,291.1,4.1,1017.8,-19.1,-0.7
6069,11/10/2025,21,0,0,0.2,12,11.8,12.5,12.5,88.8,null,null,292.4,4.2,1017.7,-18.7,-1.1
6069,11/10/2025,22,0,0,0.1,12.2,12.1,12.5,12.5,89.1,null,null,298,4.8,1017.4,-18.9,-1.3
6069,11/10/2025,23,0,0,0.1,12.2,12.1,12.5,12.5,90.2,null,null,298.5,4.7,1017.2,-18.6,-1.3
6069,12/10/2025,0,0,0,0.1,12.2,12.1,12.5,12.5,91.7,null,null,300.8,4.7,1016.8,-17.4,-1.3
6069,12/10/2025,1,0,0,0.1,12,12,12.5,12.5,93.9,null,null,290.8,4.7,1016.2,-15.3,-1.3
6069,12/10/2025,2,0,0,0.1,12.1,12,12.5,12.5,93.6,null,null,291.1,4.9,1015.8,-17.8,-1.2
6069,12/10/2025,3,0,0,0,12.2,12.1,12.5,12.5,94.7,null,null,291.7,4.2,1015.4,-15.7,-1.2
6069,12/10/2025,4,0,0,0,12.2,12.1,12.5,12.5,95.7,null,null,293.4,4.1,1015.1,-14.3,-1
6069,12/10/2025,5,0,0,0.4,12.1,12,12.5,12.5,95,null,null,293.4,4.7,1014.6,-14.4,-0.9
6069,12/10/2025,6,0,0,1.3,12.1,11.9,12.5,12.5,93.7,null,null,296,4.7,1014.4,-23.1,-0.8
6069,12/10/2025,7,0,0,15.6,12.4,12.2,12.5,12.5,92.5,null,null,299.9,4.2,1014.5,-10.7,-0.9
6069,12/10/2025,8,0,0,111.4,12.9,12.9,12.5,12.5,90.7,null,null,312.7,3.6,1015,21.5,-0.8
6069,12/10/2025,9,0,0,273.9,14,14.6,12.5,12.5,86.8,null,null,319.8,3.5,1015.5,110.6,-0.3
6069,12/10/2025,10,0,0,395,15.3,16.5,12.5,12.5,79.8,null,null,313.5,2.6,1016,194,0.9
6069,12/10/2025,11,0,0,423.8,16.1,17.7,12.6,12.5,75,null,null,323.1,2.6,1016.1,211.5,2.8
6069,12/10/2025,12,0,0,438.1,16.6,18.5,12.7,12.5,74.6,null,null,314,2.5,1016.1,220.1,4.8
6069,12/10/2025,13,0,0,393.3,16.6,18.5,12.9,12.5,76,null,null,307.6,2.5,1016.2,207.3,6.8
6069,12/10/2025,14,0,0,345.3,17.1,19.2,13.1,12.6,69.1,null,null,301.8,1.5,1016.4,136.4,8.6
6069,12/10/2025,15,0,0,260,17.3,19.6,13.3,12.6,67.9,null,null,227.5,1.3,1016.4,79,9.5
6069,12/10/2025,16,0,0,56.1,14.8,15.5,13.4,12.7,76.2,null,null,84.4,1.1,1016.8,-42.8,9.5
6069,12/10/2025,17,0,0,11.9,13,12.2,13.5,12.8,72,null,null,74.4,0.9,1017.1,-77.2,8.2
6069,12/10/2025,18,0,0,0,11.9,10,13.5,12.8,75.1,null,null,70.8,0.4,1017.3,-63,5.4
6069,12/10/2025,19,0,0,0.2,10.7,8.5,13.4,12.9,80.9,null,null,116.3,0,1017.5,-55.9,2.3
6069,12/10/2025,20,0,0,0,9.2,6.5,13.3,12.9,84.4,null,null,185.8,0,1017.6,-57,-0.3
6069,12/10/2025,21,0,0,0.1,8.6,5.7,13.2,12.9,86.6,null,null,83.1,0.1,1018,-45.2,-3.2
6069,12/10/2025,22,0,0,0.2,7.7,5.3,13,12.9,89.4,null,null,65.4,0,1018.2,-33.1,-5.9
6069,12/10/2025,23,0,0,0.1,7,4.5,12.8,12.9,91.2,null,null,65.5,0,1018.4,-29.7,-7.8
6069,13/10/2025,0,0,0,0.2,6.6,4.6,12.6,12.9,92.7,null,null,87.2,0.4,1018.4,-28.6,-9.5
6069,13/10/2025,1,0,0,0,6.1,3.7,12.4,12.9,92.1,null,null,244.4,0.1,1018.5,-25.5,-10.8
6069,13/10/2025,2,0,0,0.1,5.5,3.1,12.3,12.8,93.4,null,null,111.3,0.1,1018.4,-23.6,-12
6069,13/10/2025,3,0,0,0,4.9,2.6,12.1,12.8,94.1,null,null,275.6,0,1018.4,-20.4,-13.1
6069,13/10/2025,4,0,0,0.6,4.8,2.8,11.9,12.7,95.2,null,null,128.5,0.1,1018.2,-20,-14
6069,13/10/2025,5,0,0,0,4.6,2.5,11.7,12.6,95.7,null,null,290.3,0,1017.9,-18.9,-14.6
6069,13/10/2025,6,0,0,0.8,4.3,2.6,11.6,12.6,96,null,null,243.9,0.2,1017.6,-18.1,-15.2
6069,13/10/2025,7,0,0,36.7,4.5,3.2,11.4,12.5,96.4,null,null,69.3,0.2,1017.9,1.2,-15.7
6069,13/10/2025,8,0,0,98.6,6.5,7.4,11.3,12.4,96.8,null,null,192.6,0.7,1018,22.8,-15.8
6069,13/10/2025,9,0,0,228.1,8.7,10.8,11.2,12.3,92.1,null,null,240,1.1,1018.6,88.6,-14.5
6069,13/10/2025,10,0,0,161.7,9.8,11.1,11.1,12.2,95,null,null,263.4,1.5,1018.6,100.5,-11.5
6069,13/10/2025,11,0,0,120,10.8,11.7,11.2,12.2,96.5,null,null,259.2,1.7,1018.4,75.5,-7.9
6069,13/10/2025,12,0,0,109.1,11.2,11.8,11.3,12.1,95.5,null,null,272.5,1.9,1018,66.8,-4.8
6069,13/10/2025,13,0,0,154.7,12.2,12.9,11.4,12.1,90.4,null,null,259.4,1.8,1017.4,97,-2.8
6069,13/10/2025,14,0,0,228.9,13.4,14.3,11.6,12,85.3,null,null,257.6,2.1,1016.7,115.2,-0.8
6069,13/10/2025,15,0,0,205,14.1,15,11.7,12,79.7,null,null,266.5,2.9,1016.3,67.4,1
6069,13/10/2025,16,0,0,91.8,13.5,13.9,11.9,12.1,80.9,null,null,270.6,2.4,1015.9,-36.8,2.1
6069,13/10/2025,17,0,0,12.2,12.5,12,12,12.1,83.7,null,null,277.9,1.8,1015.5,-75.7,1.9
6069,13/10/2025,18,0,0,0.1,12.3,11.8,12.1,12.1,90,null,null,273.1,1.9,1015.1,-36.2,0.7
6069,13/10/2025,19,0,0,0.1,12.7,12.5,12.1,12.1,90.7,null,null,285.2,2.4,1014.7,-23.5,-0.3
6069,13/10/2025,20,0,0,0,12.6,12.4,12.1,12.1,91.7,null,null,289.7,3.2,1014.5,-33.5,-0.5
6069,13/10/2025,21,0,0,0.2,12.7,12.4,12.1,12.2,92.7,null,null,294.7,2.7,1014.4,-31.2,-0.5
6069,13/10/2025,22,0,0,0,12.6,12.3,12.1,12.2,92.5,null,null,299.9,2.9,1014.2,-42.9,-0.5
6069,13/10/2025,23,0,0,0,12.4,12.1,12.1,12.2,92.2,null,null,293.8,2.6,1014.1,-36.7,-0.6
6069,14/10/2025,0,0,0,0.1,12.2,11.9,12.1,12.2,91.4,null,null,298,2.9,1013.8,-28.9,-0.7
6069,14/10/2025,1,0,0,0.1,11.9,11.7,12.1,12.2,90.8,null,null,308,2.8,1013.8,-20.4,-0.9
6069,14/10/2025,2,0,0,0.1,11.9,11.6,12.1,12.2,90.7,null,null,294,2.3,1013.3,-27.3,-1
6069,14/10/2025,3,0,0,0.1,11.8,11.6,12.1,12.3,91,null,null,299.3,1.9,1013,-19.9,-1.1
6069,14/10/2025,4,0,0,0,11.7,11.5,12.1,12.3,91.9,null,null,274.6,1.2,1013,-26.3,-1.2
6069,14/10/2025,5,0,0,0,10.9,9.9,12.1,12.3,93.6,null,null,282.9,0.8,1012.9,-60.4,-1.2
6069,14/10/2025,6,0,0,0.8,9.8,7,12.1,12.3,94,null,null,259.4,0.1,1012.8,-44.6,-2
6069,14/10/2025,7,0,0,12.5,9.5,8,12.1,12.3,95.4,null,null,57.7,0.1,1013.2,-8.6,-4
6069,14/10/2025,8,0,0,46,10.4,10.7,12,12.3,96.8,null,null,135,0.3,1014,24.2,-5.1
6069,14/10/2025,9,0,0,94.4,10.8,11.5,11.9,12.3,97.3,null,null,228.9,0.6,1014.6,59.5,-4
6069,14/10/2025,10,0,0,111.1,11.3,12.2,12,12.2,97.5,null,null,222.4,0.5,1015,69.1,-2.2
6069,14/10/2025,11,0,0,264.7,12.1,14,12,12.2,95.5,null,null,101,0.6,1015.2,156.8,-0.3
6069,14/10/2025,12,0,0,334,13.3,16.1,12.1,12.2,86.8,null,null,113,0.8,1015.4,164.2,2.1
6069,14/10/2025,13,0,0,354.1,14.6,17.8,12.3,12.2,80.8,null,null,194.6,1,1015.2,158.9,4.2
6069,14/10/2025,14,0,0,303.5,15.2,18,12.5,12.2,76.7,null,null,243.5,0.7,1015.3,126.5,6
6069,14/10/2025,15,0,0,212.2,15.6,17.7,12.7,12.3,75.3,null,null,291.1,0.8,1015.3,52.7,7.2
6069,14/10/2025,16,0,0,87.6,15,16.3,12.8,12.3,77.4,null,null,319.9,0.3,1015.2,-54.9,7.7
6069,14/10/2025,17,0,0,7.8,13.6,12.2,12.9,12.4,84,null,null,281.7,0.2,1015.1,-82.4,6.2
6069,14/10/2025,18,0,0,0.1,11.9,8.4,12.9,12.5,88.5,null,null,263,0,1015.1,-57.5,3.3
6069,14/10/2025,19,0,0,0.1,10.5,7,12.9,12.5,92.1,null,null,263,0,1015,-37.2,-0.1
6069,14/10/2025,20,0,0,0.2,9.9,6.7,12.7,12.5,94.6,null,null,263.1,0,1015,-30.8,-3
6069,14/10/2025,21,0,0,0,9.5,6.4,12.6,12.6,96,null,null,195.7,0,1015.1,-26.9,-5.2
6069,14/10/2025,22,0,0,0.2,9.2,5.9,12.4,12.6,96.7,null,null,183.3,0,1015.1,-24.6,-6.9
6069,14/10/2025,23,0,0,0,9.6,8.4,12.3,12.5,97.2,null,null,241.9,0.6,1015,-20.6,-8.2
6069,15/10/2025,0,0,0,0.1,9.4,9.3,12.1,12.5,97.6,null,null,246.2,1,1015,-11.1,-8.4
6069,15/10/2025,1,0,0,0.2,10.4,10.4,12,12.5,98,null,null,235.3,1.3,1014.8,-12.1,-7.2
6069,15/10/2025,2,0,0,0,10.5,10.3,12,12.5,98,null,null,210.2,0.9,1014.5,-15.4,-5.8
6069,15/10/2025,3,0,0,0.1,10.6,10.6,12,12.4,97.4,null,null,202.6,1.3,1014,-12.5,-4.8
6069,15/10/2025,4,0,0,0.3,10.8,10.8,12,12.4,97,null,null,211.9,1.3,1013.4,-12.5,-4.1
6069,15/10/2025,5,0,0,0.2,11.1,11,12,12.4,96.9,null,null,214,1.2,1013.1,-12.8,-3.5
6069,15/10/2025,6,0,0,0.7,11.3,11.2,12,12.3,95.6,null,null,255.7,1.8,1012.8,-12.3,-2.9
6069,15/10/2025,7,0,0,6.8,11.4,11.3,12,12.3,94.6,null,null,283.2,2.4,1012.7,-6.6,-2.5
6069,15/10/2025,8,0,0,28.2,11.4,11.3,12,12.3,94.4,null,null,286.9,2.9,1012.9,9.7,-2.3
6069,15/10/2025,9,0,0,73,11.6,11.5,12,12.3,90.6,null,null,285,3.3,1012.9,42.9,-1.9
6069,15/10/2025,10,0,0,119.2,12,12,12.1,12.3,85.5,null,null,288.6,3.7,1012.8,71.4,-1.4
6069,15/10/2025,11,0,0,133.9,12.4,12.6,12.1,12.3,80.7,null,null,292.6,3.9,1012.6,79.5,-0.7
6069,15/10/2025,12,0,0,151.2,12.4,12.6,12.2,12.3,77.4,null,null,291.5,3.9,1012.2,86.9,0.1
6069,15/10/2025,13,0,0,127.7,12.4,12.6,12.2,12.3,77.4,null,null,289.5,3.6,1011.6,68.4,0.6
6069,15/10/2025,14,0,0,97.6,12.3,12.3,12.3,12.3,76.6,null,null,286.4,3.9,1011,46.3,1
6069,15/10/2025,15,0,0,63.4,12,12,12.3,12.3,77,null,null,290.4,3.5,1010.5,21.5,0.9
6069,15/10/2025,16,0,0,42.8,12,11.8,12.4,12.3,78.7,null,null,286.1,2.6,1010,-1.5,0.6
6069,15/10/2025,17,0,0,11.3,11.3,10.8,12.4,12.3,82.6,null,null,275.3,1.9,1009.6,-73.4,0.1
6069,15/10/2025,18,0,0,0,10.1,9.1,12.4,12.4,88.8,null,null,274.8,1.5,1009.6,-84.1,-0.8
6069,15/10/2025,19,0,0,0,9.6,8.4,12.3,12.4,91.8,null,null,290.4,1.4,1009.8,-78.5,-2.2
6069,15/10/2025,20,0,0,0,9.2,8.2,12.2,12.4,93.6,null,null,290.4,1.4,1009.8,-56.9,-3.5
6069,15/10/2025,21,0,0,0,9.1,7.8,12.1,12.4,94.5,null,null,290.5,1.2,1009.9,-43.4,-4.6
6069,15/10/2025,22,0,0,0,9,7.9,12.1,12.4,95.1,null,null,281.3,1.4,1009.9,-36.4,-5.5
6069,15/10/2025,23,0,0,0,8.7,7.7,12,12.3,95.8,null,null,266.7,1.2,1009.8,-31.6,-6.1
6069,16/10/2025,0,0,0,0,8.6,7.5,11.8,12.3,96.5,null,null,262.1,1.2,1009.6,-29.3,-6.5
6069,16/10/2025,1,0,0,0,8.5,7.5,11.7,12.3,96.7,null,null,263.6,1.2,1009.4,-25.4,-6.9
6069,16/10/2025,2,0,0,0,8.2,7.1,11.7,12.3,96.9,null,null,263.6,1.1,1009.1,-24,-7.3
6069,16/10/2025,3,0,0,0,8,6.7,11.6,12.2,97,null,null,261.8,1,1008.8,-23,-7.7
6069,16/10/2025,4,0,0,0,8.1,6.8,11.5,12.2,97.1,null,null,269.6,1.1,1008.6,-21.7,-8.1
6069,16/10/2025,5,0,0,0,8.2,7.2,11.4,12.1,97,null,null,267.4,1.3,1008.3,-21.5,-8.5
6069,16/10/2025,6,0,0,0.1,9.2,8.4,11.3,12.1,97,null,null,281.3,2,1008.2,-18.7,-8.6
6069,16/10/2025,7,0.1,0,22.8,10.7,10.2,11.3,12,96,null,null,297,3,1008.6,-5.8,-8.3
6069,16/10/2025,8,0.1,0,105.1,11.6,11.3,11.2,12,92,null,null,304,3.5,1009,36.4,-7.3
6069,16/10/2025,9,0,0,168,12.4,12.5,11.2,12,87.6,null,null,300.8,3.6,1009,75.4,-6
6069,16/10/2025,10,0,0,315.7,13.1,13.7,11.2,11.9,83.4,null,null,304.6,4,1009,148.4,-4.1
6069,16/10/2025,11,0,0,315.3,13.5,14.2,11.3,11.9,77.9,null,null,309.4,4.6,1009,164.7,-2.1
6069,16/10/2025,12,0,0,189.3,13,13.2,11.5,11.9,75.7,null,null,316,4.8,1008.8,69.6,-0.3
6069,16/10/2025,13,0,0,185.5,12.8,12.8,11.6,11.9,75.8,null,null,311.5,4.7,1008.5,61.7,0.3
6069,16/10/2025,14,0,0,201,13,13.2,11.7,11.9,74.8,null,null,310.8,4.9,1008.2,74.4,0.4
6069,16/10/2025,15,0,0,105.4,12.8,12.7,11.8,11.9,76.3,null,null,311.2,4,1008.2,15.9,0.6
6069,16/10/2025,16,0,0,54.6,12.3,12,11.8,11.9,78.2,null,null,301.4,3.6,1008.2,-17.3,0.3
6069,16/10/2025,17,0,0,6.4,11.8,11.4,11.9,12,81.1,null,null,296.4,3.6,1008.3,-40.6,-0.1
6069,16/10/2025,18,0,0,0,10.9,10.4,11.9,12,85.1,null,null,290.5,2.4,1008.4,-44.9,-0.9
6069,16/10/2025,19,0,0,0,10.4,9.7,11.9,12,86.8,null,null,282.2,2.2,1008.2,-82,-1.7
6069,16/10/2025,20,0,0,0,9.7,8.8,11.8,12,89.8,null,null,283,2.2,1008.2,-85.9,-2.5
6069,16/10/2025,21,0,0,0,9.5,8.6,11.8,12,88,null,null,286.9,2.5,1008.5,-87.1,-3.5
6069,16/10/2025,22,0,0,0,9.2,8.1,11.7,12,84.4,null,null,296.7,2.4,1008.6,-93.5,-4.4
6069,16/10/2025,23,0,0,0,8.2,7,11.6,12,77.8,null,null,289.9,2.3,1008.5,-95.3,-5.3
6069,17/10/2025,0,0,0,0,7.3,6.1,11.5,12,80.4,null,null,287.8,2.1,1008.2,-92.1,-6.4
6069,17/10/2025,1,0,0,0,7,5.9,11.4,12,81.5,null,null,282.2,1.9,1008.2,-79.8,-7.5
6069,17/10/2025,2,0,0,0,7.2,6.1,11.3,12,82.3,null,null,287.7,2.2,1008,-83,-8.3
6069,17/10/2025,3,0,0,0,7.1,6.1,11.2,11.9,84.2,null,null,292.3,1.9,1008,-76.3,-8.9
6069,17/10/2025,4,0,0,0,7.4,6.6,11.1,11.9,87.5,null,null,299,1.2,1008.4,-44.7,-9.3
6069,17/10/2025,5,0,0,0.6,7.2,6.2,11,11.8,91,null,null,292.5,0.9,1008.5,-48.4,-9.2
6069,17/10/2025,6,0,0,0.5,7.5,7,10.9,11.8,89.6,null,null,298.2,1.7,1008.5,-32.2,-9.3
6069,17/10/2025,7,0,0,7,8,7.6,10.9,11.7,81.7,null,null,304.6,2.4,1008.8,-20.2,-9
6069,17/10/2025,8,0,0,111.3,7.5,7.4,10.8,11.7,80,null,null,288.2,2.3,1009,-16.5,-8.6
6069,17/10/2025,9,0,0,260.9,8.1,8.6,10.8,11.6,71.4,null,null,296.6,3.4,1009.2,68.3,-8.4
6069,17/10/2025,10,0,0,380.9,8.8,9.5,10.7,11.6,64.4,null,null,308.2,4.3,1009.2,170.9,-7.9
6069,17/10/2025,11,0,0,387,9,9.9,10.8,11.6,60.5,null,null,317,4.6,1009.2,192.9,-7.1
6069,17/10/2025,12,0,0,356,9.2,10.1,10.8,11.5,65.8,null,null,316.5,4.3,1009,184.9,-6
6069,17/10/2025,13,0,0,250.1,9.7,10.3,10.8,11.5,60.9,null,null,322,4.1,1009.2,126,-4.9
6069,17/10/2025,14,0,0,205.7,9.5,9.7,10.9,11.5,56.5,null,null,328.2,3.5,1009.7,66.8,-4.1
6069,17/10/2025,15,0,0,211.7,9.6,10,10.9,11.5,56,null,null,284.6,3.4,1010.4,38.9,-3.9
6069,17/10/2025,16,0,0,66.7,8.5,8.4,10.9,11.5,60,null,null,236,2.2,1011.1,-62.3,-4.4
6069,17/10/2025,17,0,0,2.9,6.7,5.7,10.9,11.5,71.5,null,null,126.3,0.9,1012.2,-92.5,-5.7
6069,17/10/2025,18,0,0,0,5.3,2.8,10.8,11.5,78.8,null,null,126.2,0.2,1012.9,-82.2,-7.6
6069,17/10/2025,19,0,0,0,3.9,0.8,10.7,11.4,83.2,null,null,214.6,0.4,1013.8,-68.5,-10.2
6069,17/10/2025,20,0,0,0,3.6,1.2,10.6,11.4,79.7,null,null,277.4,0.4,1014.3,-79.7,-12.7
6069,17/10/2025,21,0,0,0,3.2,0.2,10.4,11.4,81.7,null,null,322.7,0.3,1014.8,-75.5,-14.5
6069,17/10/2025,22,0,0,0,3.2,0.5,10.2,11.3,81.9,null,null,273.6,0.7,1015.2,-75.7,-16.1
6069,17/10/2025,23,0,0,0,2.7,-0.6,10.1,11.3,83.4,null,null,302.2,0.5,1015.8,-76.4,-17.3
6069,18/10/2025,0,0,0,0,2.4,-0.4,9.9,11.2,84.4,null,null,269.5,0.3,1016.3,-64.7,-18.2
6069,18/10/2025,1,0,0,0,2.1,-1.1,9.7,11.2,83.6,null,null,309.3,0.1,1016.7,-56.8,-19.2
6069,18/10/2025,2,0,0,0.3,1.2,-2,9.6,11.1,86.4,null,null,255.3,0.1,1016.9,-43.4,-20.1
6069,18/10/2025,3,0,0,0.4,0.5,-2.6,9.4,11,88.4,null,null,309.3,0.1,1017.1,-31,-21
6069,18/10/2025,4,0,0,0,-0.4,-2.7,9.3,10.9,90.7,null,null,317.1,0,1017.5,-17,-21.7
6069,18/10/2025,5,0,0,0,-0.5,-2.8,9.1,10.9,92.8,null,null,286,0,1017.8,-9.8,-22.5
6069,18/10/2025,6,0,0,0.2,-0.9,-3.1,8.9,10.8,93.6,null,null,285.7,0,1018,-7.5,-23.1
6069,18/10/2025,7,0,0,37.8,-0.8,-2.6,8.8,10.7,95,null,null,285.6,0,1018.3,12.4,-23.6
6069,18/10/2025,8,0,0,119.7,1.6,2.6,8.6,10.6,96.8,null,null,285.4,0,1019.2,57.1,-24
6069,18/10/2025,9,0,0,224.8,4.7,7.8,8.5,10.5,90.4,null,null,271.4,0.6,1019.9,116,-23.5
6069,18/10/2025,10,0,0,337.5,7.2,9.1,8.4,10.4,71.3,null,null,274,1.2,1020.3,145.7,-21.4
6069,18/10/2025,11,0,0,418.8,8.7,11.4,8.4,10.3,59.3,null,null,265.8,1.4,1020.3,191.6,-17.6
6069,18/10/2025,12,0,0,429.3,9.7,12.9,8.6,10.2,56,null,null,205.5,1.3,1019.9,194.5,-13.2
6069,18/10/2025,13,0,0,397.3,10.1,13.2,8.7,10.2,54.1,null,null,199,1.5,1019.3,164.5,-9.2
6069,18/10/2025,14,0,0,317.9,10.6,14,9,10.1,50.8,null,null,229,0.9,1018.8,90,-6.2
6069,18/10/2025,15,0,0,203.4,10.6,13.4,9.2,10.1,49.9,null,null,211.1,1,1018.5,-0.3,-4.6
6069,18/10/2025,16,0,0,80.3,9.7,10.9,9.3,10.1,52.5,null,null,205.9,0.9,1018.1,-80.3,-4.5
6069,18/10/2025,17,0,0,1.6,7.4,5.3,9.4,10.2,61.4,null,null,176.2,0.4,1017.6,-93.1,-5.7
6069,18/10/2025,18,0,0,0,5.2,1.3,9.4,10.2,71.2,null,null,154.5,0,1017,-81.1,-8.4
6069,18/10/2025,19,0,0,0,4.3,0.6,9.3,10.2,75.2,null,null,169.3,0.5,1016.8,-79.7,-11.3
6069,18/10/2025,20,0,0,0,3.8,0.7,9.2,10.2,78.4,null,null,170.1,1,1016.6,-79.8,-13.8
6069,18/10/2025,21,0,0,0,2.7,-0.2,9.1,10.2,82.6,null,null,166.6,1.1,1016.5,-76.3,-15.6
6069,18/10/2025,22,0,0,0,2,-0.7,8.9,10.2,85.7,null,null,163.1,0.6,1016.2,-67.2,-17
6069,18/10/2025,23,0,0,0,1.2,-1.2,8.8,10.1,88.5,null,null,159.2,0.5,1015.8,-49.9,-18.3
6069,19/10/2025,0,0,0,0,0.6,-1.9,8.6,10.1,90.4,null,null,156.2,0.9,1015.3,-38.9,-19.4
6069,19/10/2025,1,0,0,0,0.8,-2,8.5,10.1,90.6,null,null,155,1,1014.9,-32.7,-20.5
6069,19/10/2025,2,0,0,0,0.4,-1.6,8.3,10,90.9,null,null,161.2,1.3,1014.3,-22.2,-21.2
6069,19/10/2025,3,0,0,0,0.7,-1.3,8.1,9.9,89.5,null,null,164.7,1.2,1013.7,-16.2,-21.4
6069,19/10/2025,4,0,0,0,0.8,-0.7,8,9.8,88.6,null,null,187.3,1.7,1013.1,-15.2,-21.2
6069,19/10/2025,5,0,0,0,1.1,0,7.9,9.8,88,null,null,181.6,1.7,1012.8,-22.5,-20.7
6069,19/10/2025,6,0,0,0,0.9,-0.3,7.8,9.7,89.5,null,null,168.6,1.3,1012.3,-26.5,-19.8
6069,19/10/2025,7,0,0,21.7,0.9,-0.3,7.7,9.6,91.6,null,null,158.5,1.3,1011.9,-10.5,-19
6069,19/10/2025,8,0,0,100.3,2.2,2.1,7.6,9.5,91,null,null,161.2,1.6,1011.8,7.2,-18.5
6069,19/10/2025,9,0,0,223.6,4.4,5.5,7.6,9.5,84.5,null,null,165.1,2.4,1011.6,50.1,-17.8
6069,19/10/2025,10,0,0,352.9,6.7,8.1,7.6,9.4,80.7,null,null,165,3.2,1011.1,145.9,-16
6069,19/10/2025,11,0,0,399.7,8.2,9.8,7.6,9.4,73.3,null,null,161.8,3.8,1010.4,186.8,-13.1
6069,19/10/2025,12,0,0,423.1,9.1,10.6,7.8,9.3,66.2,null,null,157.1,4,1009.5,198.4,-9.9
6069,19/10/2025,13,0,0,393.7,9.6,10.9,7.9,9.3,61.7,null,null,151.2,4.3,1008.4,167.2,-7.2
6069,19/10/2025,14,0,0,316.6,9.5,10.5,8.1,9.2,60.5,null,null,147.5,4.3,1007.4,100,-5.6
6069,19/10/2025,15,0,0,200.8,9.4,9.8,8.3,9.3,62.5,null,null,148.4,3.7,1006.6,9.6,-4.8
6069,19/10/2025,16,0,0,85.9,8.5,8.3,8.4,9.3,66.9,null,null,135.6,3.2,1005.7,-63.3,-4.7
6069,19/10/2025,17,0,0,4.1,7,6,8.5,9.3,71.7,null,null,125.8,2.8,1005.1,-95.7,-5.3
6069,19/10/2025,18,0,0,0,5.9,4.8,8.5,9.3,78,null,null,125.5,2.7,1004.6,-95.6,-6.5
6069,19/10/2025,19,0,0,0,5.2,4.2,8.5,9.4,81.7,null,null,126.8,2.5,1004.1,-92.3,-7.8
6069,19/10/2025,20,0,0,0,5.1,4.1,8.4,9.4,83.5,null,null,128.5,2.8,1003.3,-91.6,-8.9
6069,19/10/2025,21,0,0,0,4.9,4.1,8.4,9.4,85.8,null,null,131.1,3.3,1002.8,-89.9,-9.7
6069,19/10/2025,22,0,0,0,5,4.1,8.3,9.4,87.9,null,null,128.8,2.9,1002.2,-88.7,-10.3
6069,19/10/2025,23,0,0,0,5,4.1,8.2,9.4,88.5,null,null,117.7,2.4,1001.6,-86.8,-10.7
6069,20/10/2025,0,0,0,0,5.1,4.2,8.2,9.4,87.7,null,null,119.9,2.7,1000.7,-87.6,-10.9
6069,20/10/2025,1,0,0,0,5.2,4.2,8.1,9.3,85.6,null,null,125.6,2.7,1000.1,-87.8,-11.1
6069,20/10/2025,2,0,0,0,5.3,4.4,8.1,9.3,84,null,null,126.4,3,999.1,-86.8,-11.3
6069,20/10/2025,3,0,0,0,4.6,3.7,8,9.3,90,null,null,116.8,2.5,998,-78.6,-11.3
6069,20/10/2025,4,0,0,0,5.1,4.5,8,9.3,92.5,null,null,127,3,997.3,-76,-11.5
6069,20/10/2025,5,0,0,0,5.4,4.9,8,9.2,91.7,null,null,125.5,3.2,996.8,-76.6,-11.4
6069,20/10/2025,6,0,0,0,5.8,5.3,7.9,9.2,91.1,null,null,130.4,4.1,996.1,-72,-11.2
6069,20/10/2025,7,0,0,11.1,6.4,6,7.9,9.2,90.4,null,null,127.8,4,995.4,-40,-10.9
6069,20/10/2025,8,0,0,59,7.3,7.1,7.9,9.2,87.9,null,null,139.6,4.9,995.1,11.2,-10.3
6069,20/10/2025,9,0,0,102.8,8,7.9,7.9,9.1,86.4,null,null,137.2,4.8,994.5,35.8,-9.3
6069,20/10/2025,10,0,0,188,8.5,8.8,8,9.1,86,null,null,139.3,4.8,994.1,71.6,-7.9
6069,20/10/2025,11,0,0,180,9,9.4,8.1,9.1,85.2,null,null,140.8,5.1,993.7,89.9,-6.3
6069,20/10/2025,12,0,0,104.7,9.3,9.5,8.2,9.1,84.5,null,null,132,4.4,993,54.2,-4.7
6069,20/10/2025,13,0,0,114.7,9.6,9.7,8.3,9.1,83.9,null,null,131.5,4.8,992.3,59.1,-3.5
6069,20/10/2025,14,0,0,100.6,9.7,9.7,8.5,9.1,84.5,null,null,136.7,5.3,991.5,47.6,-2.7
6069,20/10/2025,15,0,0,41.6,9.9,9.7,8.6,9.2,83.4,null,null,135.4,5.1,991,8.4,-2.3
6069,20/10/2025,16,0.3,0,11.6,9.8,9.5,8.7,9.2,85,null,null,135.8,5.2,990.4,-6.1,-2.1
6069,20/10/2025,17,0.3,0,1,9.5,9.1,8.8,9.2,89,null,null,134.4,4.5,990.1,-10.3,-2.2
6069,20/10/2025,18,0.7,0,0.1,9.3,9,8.8,9.3,91.3,null,null,141.9,4.8,990,-11.2,-2.4
6069,20/10/2025,19,0.9,0,0,9.2,8.9,8.9,9.3,93.2,null,null,139.5,4.9,989.7,-11.6,-2.5
6069,20/10/2025,20,0.3,0,0.3,9.3,9,8.9,9.3,92.6,null,null,141.3,4.6,989.3,-11.1,-2.5
6069,20/10/2025,21,0.7,0,0.3,9.5,9.2,9,9.4,92.9,null,null,144,4.6,989,-11.7,-2.5
6069,20/10/2025,22,0,0,0.5,9.6,9.3,9,9.4,94,null,null,150,4.5,988.7,-11,-2.5
6069,20/10/2025,23,0,0,0.1,9.5,9.3,9.1,9.4,94.1,null,null,145.2,4.1,988.2,-15.6,-2.4
6069,21/10/2025,0,0,0,0,9.5,9.1,9.1,9.5,92.6,null,null,142.8,4.4,987.6,-27.6,-2.3
6069,21/10/2025,1,0,0,0,9.6,9.2,9.1,9.5,91.8,null,null,138.1,4.2,986.9,-24,-2.3
6069,21/10/2025,2,0,0,0.5,9.7,9.4,9.2,9.5,92.8,null,null,137.5,3.5,986.3,-15.2,-2.3
6069,21/10/2025,3,0,0,0,9.8,9.6,9.2,9.5,94.4,null,null,139.4,4.2,985.6,-14.1,-2.2
6069,21/10/2025,4,0,0,0.1,9.8,9.7,9.3,9.6,95.1,null,null,137.4,4.1,984.9,-13.8,-2.1
6069,21/10/2025,5,0,0,0.1,9.8,9.7,9.3,9.6,95.7,null,null,145.8,3.9,984.4,-13.4,-1.9
6069,21/10/2025,6,0,0,0.1,9.8,9.7,9.3,9.6,96.4,null,null,147.4,4.1,984,-12.8,-1.7
6069,21/10/2025,7,0,0,2.8,9.8,9.8,9.4,9.6,97.1,null,null,144.2,4.3,983.7,-10.2,-1.6
6069,21/10/2025,8,0,0,17.9,10.2,10.2,9.4,9.7,97.2,null,null,137.7,4.2,983.3,0.9,-1.4
6069,21/10/2025,9,0,0,29.7,10.7,10.7,9.5,9.7,96.2,null,null,141.4,3.8,983,9.3,-1.1
6069,21/10/2025,10,0.2,0,60.9,11.1,11.2,9.5,9.7,94.8,null,null,144.3,4.5,982.7,32.8,-0.6
6069,21/10/2025,11,0.2,0,69.2,11.1,11.1,9.6,9.8,93.2,null,null,138.1,4.5,982.4,36.4,0.1
6069,21/10/2025,12,0,0,73.4,11.3,11.3,9.7,9.8,91.8,null,null,138.7,4.1,982.1,37.1,0.8
6069,21/10/2025,13,0,0,81.3,11.7,11.7,9.8,9.8,89.9,null,null,142.9,4.4,981.5,41.2,1.4
6069,21/10/2025,14,0,0,56.8,11.8,11.7,9.9,9.8,89,null,null,137.5,4,980.9,23.4,1.9
6069,21/10/2025,15,0,0,28.2,11.8,11.7,9.9,9.9,91.2,null,null,138,4,980.5,4.6,2.2
6069,21/10/2025,16,0,0,13.3,11.7,11.5,10,10,93.3,null,null,137.6,4.1,980,-5.3,2.3
6069,21/10/2025,17,0.7,0,2.1,12,11.7,10.1,10,93.2,null,null,138.7,4.8,979.4,-14.2,2.2
6069,21/10/2025,18,0.6,0,0.1,12,11.8,10.1,10,94.4,null,null,166.3,5,979.3,-15.1,2.1
6069,21/10/2025,19,0,0,0.1,12.2,11.9,10.2,10.1,94,null,null,180,4.3,979.8,-16.3,2.1
6069,21/10/2025,20,0,0,0.3,12.2,11.8,10.2,10.1,93.5,null,null,178.9,3.5,980,-16,2.1
6069,21/10/2025,21,0.4,0,0.4,12.2,11.8,10.3,10.2,95,null,null,193.1,3.2,980.4,-13.8,2.1
6069,21/10/2025,22,0,0,0.2,12.1,11.8,10.3,10.2,93.9,null,null,213.6,3.3,981.1,-15.3,2.2
6069,21/10/2025,23,0,0,0.2,11.9,11.3,10.4,10.2,92.4,null,null,207.2,3,981.6,-20.2,2.2
6069,22/10/2025,0,0,0,0.1,11.6,11,10.4,10.3,92.7,null,null,195.1,2.9,982.1,-26.4,2
6069,22/10/2025,1,0,0,0.2,11.5,11,10.5,10.3,93.3,null,null,182.5,3.6,982.4,-21,1.7
6069,22/10/2025,2,0.5,0,0.1,11.4,11.1,10.5,10.3,94.7,null,null,178.7,3.3,982.5,-18.4,1.4
6069,22/10/2025,3,0.5,0,0.3,11.4,11.1,10.5,10.4,94.7,null,null,176.7,2.8,982.3,-14.4,1.2
6069,22/10/2025,4,0,0,0.2,11.4,11.1,10.5,10.4,94.7,null,null,174.1,3.3,982.3,-14.9,1.2
6069,22/10/2025,5,0,0,0.6,11.5,11.1,10.5,10.4,94.2,null,null,178.6,3.3,982.5,-16.9,1.2
6069,22/10/2025,6,0,0,0.1,11.3,10.8,10.5,10.4,93,null,null,178.6,3.4,982.5,-30.9,1.2
6069,22/10/2025,7,0.1,0,4.7,11.4,11,10.6,10.5,93.9,null,null,174.5,3.2,982.7,-19,1
6069,22/10/2025,8,0,0,21,11.6,11.3,10.6,10.5,93.8,null,null,171.8,3.5,983.1,-3.4,0.8
6069,22/10/2025,9,0.1,0,59.8,11.8,11.7,10.6,10.5,92.9,null,null,171.8,3.8,983.4,26.8,1
6069,22/10/2025,10,0,0,77.8,12,11.9,10.6,10.5,91.9,null,null,170.6,3.9,983.6,36.5,1.4
6069,22/10/2025,11,0,0,81.8,12.3,12.3,10.7,10.6,91.5,null,null,164.1,3.6,983.7,40.3,2.1
6069,22/10/2025,12,0.9,0,81.1,12.3,12.4,10.7,10.6,94.6,null,null,176.4,3.5,983.8,46.4,2.6
6069,22/10/2025,13,0.2,0,140.9,12.7,12.9,10.8,10.6,93,null,null,218.4,3.1,984.2,87.7,3.2
6069,22/10/2025,14,0,0,244.5,13,13.3,10.9,10.7,88.6,null,null,221.7,3.1,984.6,129.8,4.2
6069,22/10/2025,15,0,0,147.4,12.9,13.2,11,10.7,83.6,null,null,230.3,3.6,985,15.6,5.2
6069,22/10/2025,16,0.5,0,20.8,11.8,11.9,11.1,10.7,91.9,null,null,233.6,2.7,985.5,-1.2,5.4
6069,22/10/2025,17,1,0,2.1,10.6,10.5,11.2,10.8,93.9,null,null,237.3,2.5,986,-14.2,4.6
6069,22/10/2025,18,0,0,0,10.4,10.2,11.2,10.8,95.2,null,null,223.8,1.7,986.5,-21.5,3.5
6069,22/10/2025,19,0,0,0,10.3,10.1,11.2,10.9,96,null,null,215.6,1.6,986.9,-17.7,2.5
6069,22/10/2025,20,0,0,0,10,9.6,11.1,10.9,96.1,null,null,201.8,1.2,987.1,-25.8,1.7
6069,22/10/2025,21,0,0,0.2,9.6,9.2,11.1,10.9,95.6,null,null,190.8,1.7,987.3,-24,0.9
6069,22/10/2025,22,0,0,0.1,9.3,8.9,11.1,10.9,95,null,null,185.3,1.6,987.4,-19.9,0
6069,22/10/2025,23,0,0,0,9.1,8.7,11,11,95.2,null,null,176,2.1,987,-29,-0.7
6069,23/10/2025,0,0,0,0,7.9,6.7,11,11,95.4,null,null,168.4,1.6,986.4,-32.6,-1.3
6069,23/10/2025,1,0,0,0,7.6,7,10.9,11,96.2,null,null,176.1,1.7,986.2,-18.4,-2.5
6069,23/10/2025,2,0,0,0,7.4,6.7,10.8,11,95.8,null,null,175.4,1.5,985.6,-17.6,-3.5
6069,23/10/2025,3,0,0,0,6.7,5,10.8,11,95.8,null,null,140.7,0.9,984.6,-22,-4.2
6069,23/10/2025,4,0,0,0.3,6.7,6.3,10.6,11,96.6,null,null,116.7,1.3,983.9,-13.6,-5.6
6069,23/10/2025,5,0,0,0,6.9,6.8,10.5,10.9,97,null,null,102.4,1.7,983,-11.5,-6.4
6069,23/10/2025,6,0,0,0.2,7.5,7.5,10.5,10.9,97.4,null,null,109.8,1.9,982.3,-9.4,-6.3
6069,23/10/2025,7,0,0,4.7,8.1,8.1,10.4,10.9,97.8,null,null,111.3,2.7,981.6,-5.8,-6
6069,23/10/2025,8,0,0,51.1,8.7,8.9,10.4,10.8,98,null,null,111.7,2.8,981.2,26.1,-5.4
6069,23/10/2025,9,0,0,72.8,8.9,9.1,10.3,10.8,97.5,null,null,104,3.3,980.4,41.4,-4.6
6069,23/10/2025,10,0,0,35.3,9.4,9.4,10.3,10.8,95.9,null,null,89.6,3.1,979.2,12.9,-3.5
6069,23/10/2025,11,0.5,0,45.4,9.9,9.8,10.4,10.8,94.9,null,null,85.8,3.7,977.7,22.6,-2.8
6069,23/10/2025,12,0.5,0,43.6,10.4,10.3,10.4,10.8,95.1,null,null,89.8,4.1,976.5,22.7,-2.4
6069,23/10/2025,13,0.8,0,38.7,11.1,10.9,10.4,10.8,94.8,null,null,95.8,4.5,975.2,17.8,-1.9
6069,23/10/2025,14,2.1,0,27.3,11.3,11.1,10.5,10.7,94.9,null,null,99.1,4.5,974.2,8.7,-1.1
6069,23/10/2025,15,0.5,0,19,11.3,11.1,10.5,10.7,94.7,null,null,107.3,4.6,973.5,1.8,-0.4
6069,23/10/2025,16,1.6,0,6.4,11.5,11.2,10.6,10.8,95.4,null,null,111.8,4.5,972.9,-9,0
6069,23/10/2025,17,1.5,0,0.5,11.5,11.3,10.6,10.8,95.8,null,null,115.6,4.6,972.1,-12.7,0.3
6069,23/10/2025,18,2.2,0,0.2,11.6,11.3,10.7,10.8,96.3,null,null,126.1,3.7,972.2,-12.7,0.6
6069,23/10/2025,19,1.3,0,0.1,11.5,11.1,10.7,10.8,96,null,null,127.4,2,972.3,-19.2,0.8
6069,23/10/2025,20,0.1,0,0.4,11.1,10.8,10.8,10.8,95.8,null,null,136.5,2.4,972.4,-18.5,0.8
6069,23/10/2025,21,0,0,0.1,11.1,10.9,10.8,10.8,95.9,null,null,122.1,2.4,972.5,-17.3,0.5
6069,23/10/2025,22,0,0,0.4,11.4,11.2,10.8,10.8,96.7,null,null,120.5,2.1,972.3,-13,0.3
6069,23/10/2025,23,0.9,0,0.1,11.5,11.3,10.8,10.9,97,null,null,105.8,2.3,972.2,-19,0.4
6069,24/10/2025,0,0,0,0,10.8,10.4,10.8,10.9,96.2,null,null,111.2,2.4,971.9,-47.7,0.5
6069,24/10/2025,1,0.1,0,0,10.9,10.5,10.9,10.9,96.1,null,null,111.8,2.5,971.2,-32.8,0.1
6069,24/10/2025,2,0,0,0.2,10.7,10.2,10.9,10.9,94.2,null,null,129.6,3.2,971,-33.9,-0.3
6069,24/10/2025,3,0,0,0.1,9.9,9.4,10.8,10.9,90.9,null,null,133.8,3.2,971,-30.3,-0.6
6069,24/10/2025,4,0,0,0.4,9.7,9.2,10.8,10.9,91.3,null,null,120,2.9,971,-31,-1.2
6069,24/10/2025,5,0,0,0.4,9.9,9.5,10.8,10.9,92.4,null,null,110.4,2.5,970.8,-21.9,-1.7
6069,24/10/2025,6,0,0,0,9.7,9.2,10.8,10.9,93.2,null,null,117.8,3.1,970.6,-27.4,-2
6069,24/10/2025,7,0,0,3.3,9.6,9.2,10.8,10.9,91.7,null,null,112.5,3.2,970.4,-20.2,-2.2
6069,24/10/2025,8,0,0,22.4,9.9,9.7,10.8,11,92.6,null,null,106.6,3.4,970.2,1,-2.4
6069,24/10/2025,9,0,0,44.8,10.1,10.1,10.7,10.9,95,null,null,113.7,3.7,970,21.6,-2.4
6069,24/10/2025,10,0.1,0,84.7,10.3,10.3,10.7,10.9,94.4,null,null,158.4,5.2,970.6,51.7,-1.9
6069,24/10/2025,11,0,0,103.8,10.4,10.5,10.8,10.9,90.1,null,null,181.8,4.4,971.6,60.7,-1.2
6069,24/10/2025,12,0,0,207.1,11.5,11.8,10.8,10.9,86.3,null,null,171.5,3.8,972.2,121.2,-0.4
6069,24/10/2025,13,0,0,138.7,11.9,12,10.8,10.9,81.5,null,null,172.5,4,972.5,63.8,1
6069,24/10/2025,14,0.7,0,100.9,11.4,11.5,10.9,10.9,86.9,null,null,181.3,3.3,973,54.5,2
6069,24/10/2025,15,0.1,0,111.9,11.1,11.3,11,11,93.7,null,null,201.6,1.9,973.6,52.2,2.4
6069,24/10/2025,16,0,0,20.2,10.8,10.4,11.1,11,89.5,null,null,198.1,1.8,974.1,-9,2.4
6069,24/10/2025,17,0.1,0,1.3,10.8,10.4,11.1,11,90.8,null,null,198.1,2.9,974.9,-19.2,1.7
6069,24/10/2025,18,0,0,0,10.3,10,11.1,11,91.4,null,null,212.2,3.7,975.5,-18.5,0.9
6069,24/10/2025,19,0,0,0.2,9.9,9.6,11.1,11,90.5,null,null,215.4,4.1,975.9,-19.1,0
6069,24/10/2025,20,0,0,0,9.9,9.5,11.1,11.1,87.3,null,null,199,4.7,976,-20.4,-0.8
6069,24/10/2025,21,0,0,0,9.9,9.5,11,11.1,86.5,null,null,186.3,5.7,975.7,-21.2,-1.5
6069,24/10/2025,22,0.2,0,0.1,9.7,9.4,11,11.1,89.6,null,null,183.7,6.2,975.4,-13.9,-2.2
6069,24/10/2025,23,0.6,0,0.2,9.5,9.3,11,11.1,92.3,null,null,200.2,5.4,975.7,-13.1,-2.6
6069,25/10/2025,0,0.2,0,0.2,9.3,9.1,10.9,11.1,93.7,null,null,195.4,4.6,976.1,-12.4,-2.9
6069,25/10/2025,1,0,0,0.1,9.1,8.9,10.9,11.1,93.1,null,null,195.8,4.2,976.3,-26.5,-3.1
6069,25/10/2025,2,0,0,0.2,9.1,8.7,10.9,11.1,91,null,null,190.6,4.6,976.3,-30,-3.4
6069,25/10/2025,3,0,0,0,9.1,8.6,10.8,11.1,89.7,null,null,181,4.7,976.1,-20.9,-3.7
6069,25/10/2025,4,0,0,0,8.9,8.5,10.8,11.1,89.4,null,null,179,5.1,975.9,-17.8,-4
6069,25/10/2025,5,0,0,0,8.8,8.4,10.7,11,88,null,null,174.5,5,975.7,-31.8,-4.2
6069,25/10/2025,6,0,0,0,8.9,8.6,10.7,11,88.1,null,null,171.7,5.1,975.2,-30,-4.5
6069,25/10/2025,7,0,0,2.3,9.2,8.9,10.7,11,87.7,null,null,172,5.5,974.9,-16.5,-4.8
6069,25/10/2025,8,0,0,11.3,9.1,8.8,10.6,11,87,null,null,164.6,4.9,974.8,-9.4,-4.8
6069,25/10/2025,9,0,0,41,9.3,9.1,10.6,11,85.8,null,null,160.3,5.8,974.5,13.3,-4.8
6069,25/10/2025,10,0.1,0,50.5,9.1,9,10.6,11,89,null,null,159.7,5.8,974.2,24,-4.5
6069,25/10/2025,11,0,0,102,9.3,9.4,10.6,10.9,89.8,null,null,167.9,5.2,974.4,61.1,-4.1
6069,25/10/2025,12,0.2,0,137.1,9.9,10.3,10.6,10.9,88.9,null,null,171,4.2,974.4,78.8,-3.4
6069,25/10/2025,13,0,0,79.1,10,10.1,10.6,10.9,89.2,null,null,163,3.3,974.1,9,-2.3
6069,25/10/2025,14,0.1,0,44.6,10.2,10.1,10.6,10.9,89.7,null,null,146.8,2.5,973.7,2.8,-1.6
6069,25/10/2025,15,0,0,30,10.5,10.3,10.7,10.9,90.1,null,null,143.1,2.4,973.7,-4.1,-1.5
6069,25/10/2025,16,2.2,0,7.9,10.4,10.2,10.7,10.9,92.5,null,null,155.8,2.6,973.7,-14.9,-1.3
6069,25/10/2025,17,1.1,0,0.4,10.1,9.9,10.7,10.9,95.4,null,null,163.3,1.9,973.8,-13.7,-1.4
6069,25/10/2025,18,1.9,0,0.1,10,9.9,10.7,10.9,96.1,null,null,182.7,1.5,974,-12.3,-1.6
6069,25/10/2025,19,1.6,0,0.1,9.8,9.7,10.7,10.9,95.9,null,null,235.6,2.4,974.3,-13.1,-1.8
6069,25/10/2025,20,0.4,0,0.1,9.4,9.3,10.7,10.9,95.6,null,null,235.2,2.6,974.6,-14,-2
6069,25/10/2025,21,0,0,0.2,8.9,8.6,10.7,10.9,94.4,null,null,231.3,2.7,974.8,-29.5,-2.2
6069,25/10/2025,22,0,0,0.1,8.3,7.8,10.7,10.9,94,null,null,218.8,2.3,974.9,-42.5,-2.6
6069,25/10/2025,23,0,0,0,8.2,7.8,10.7,10.9,94.2,null,null,209.1,2.4,975,-35.7,-3.4
6069,26/10/2025,0,0,0,0.1,8.2,7.7,10.6,10.9,93.9,null,null,204.3,2.7,975,-45.4,-4.1
6069,26/10/2025,1,0,0,0,8.1,7.7,10.6,10.9,93.4,null,null,196.5,3.1,974.8,-33.4,-4.6
6069,26/10/2025,2,0,0,0,8.3,7.9,10.5,10.9,93.4,null,null,182,3,974.4,-26.6,-5
6069,26/10/2025,3,0,0,0.1,8.2,7.8,10.5,10.9,92.8,null,null,176.3,3.4,973.9,-27,-5.1
6069,26/10/2025,4,0.1,0,0,8.2,8,10.4,10.9,92.7,null,null,172.6,4,973.5,-13.9,-5.2
6069,26/10/2025,5,0.5,0,0.1,8.2,8,10.4,10.8,94.4,null,null,165.2,3.8,973.3,-12.1,-5.2
6069,26/10/2025,6,0.3,0,0.1,8.1,8,10.4,10.8,95.5,null,null,153.8,3.1,973.2,-10.2,-5.1
6069,26/10/2025,7,0.2,0,3.8,8,8,10.3,10.8,95.6,null,null,118.9,1.6,973.3,-6.1,-5
6069,26/10/2025,8,0,0,41.4,8.2,8.3,10.3,10.8,96.5,null,null,81.7,1,973.8,23.4,-4.8
6069,26/10/2025,9,0,0,117.7,8.6,9.3,10.3,10.8,96.8,null,null,133.8,1.1,974.5,79.1,-4.3
6069,26/10/2025,10,0,0,91.9,8.8,9.3,10.3,10.8,96.1,null,null,325.4,2,975.2,60.4,-2.8
6069,26/10/2025,11,0,0,103.7,9,9.4,10.4,10.8,95.6,null,null,313,1.9,975.8,69.4,-1.6
6069,26/10/2025,12,0,0,219.4,9.5,10,10.5,10.7,90.9,null,null,321.4,2.5,976.2,142.1,-0.8
6069,26/10/2025,13,0,0,170,10.1,10.8,10.5,10.8,87.2,null,null,318.8,2.5,976.7,88.1,0.1
6069,26/10/2025,14,0.9,0,89.9,9.5,9.7,10.6,10.8,93.8,null,null,309.4,2.4,977,50.4,0.9
6069,26/10/2025,15,0.2,0,99.5,9.7,10,10.7,10.8,92.3,null,null,315.7,2.6,977.3,32,0.9
6069,26/10/2025,16,0,0,19.4,9.2,8.9,10.7,10.8,92,null,null,310.9,2.1,977.5,-32.5,0.7
6069,26/10/2025,17,0,0,0.8,8.2,7.2,10.7,10.8,90.5,null,null,307.1,2.2,977.6,-79.7,-0.3
6069,26/10/2025,18,0,0,0,7,5.7,10.7,10.8,92.2,null,null,277.5,1.3,977.8,-71.1,-2.1
6069,26/10/2025,19,0,0,0,5.9,4,10.7,10.8,93.9,null,null,246,0.6,977.8,-47.1,-4.1
6069,26/10/2025,20,0,0,0,5.6,3.9,10.5,10.9,95,null,null,236.3,0.9,977.5,-33.3,-6.3
6069,26/10/2025,21,0,0,0,5.5,4.5,10.4,10.9,95.7,null,null,210.8,0.9,977.4,-18.8,-8.2
6069,26/10/2025,22,0.5,0,0.3,6.4,6.2,10.3,10.8,95.6,null,null,206.9,1.9,977,-9.2,-9.1
6069,26/10/2025,23,1.3,0,0,7,6.9,10.2,10.8,96.4,null,null,229,1.8,976.4,-7.5,-8.7
6069,27/10/2025,0,1.7,0,0.2,7.8,7.6,10.1,10.8,96.1,null,null,266.6,2.8,976.2,-10.4,-8.2
6069,27/10/2025,1,2.3,0,0.2,7.9,7.7,10.1,10.7,94.5,null,null,271,3.6,976.1,-10.5,-7.9
6069,27/10/2025,2,0.2,0,0,7.5,7.3,10.1,10.7,93.1,null,null,270.5,3.3,975.9,-14.5,-7.8
6069,27/10/2025,3,0.5,0,0.1,7.2,6.9,10,10.7,93.7,null,null,260.6,2.3,975.5,-11.1,-7.5
6069,27/10/2025,4,0.1,0,0.1,7.3,7.1,10,10.6,95.5,null,null,253.7,2.1,975.2,-17.5,-7.4
6069,27/10/2025,5,0,0,0.2,7.2,7,10,10.6,95,null,null,248,2.4,975,-21.6,-7.2
6069,27/10/2025,6,0.1,0,0.1,7.1,6.9,9.9,10.6,94.9,null,null,255.9,2.6,975,-16.1,-7.1
6069,27/10/2025,7,0.4,0,1.8,6.9,6.7,9.9,10.5,94.1,null,null,270.9,2.4,975.2,-11.7,-7.1
6069,27/10/2025,8,0.9,0,27.5,7,6.9,9.9,10.5,94.8,null,null,267.1,2.3,975.7,9.2,-7.1
6069,27/10/2025,9,1.2,0,71.3,7.3,7.4,9.9,10.5,95.2,null,null,263.2,2.2,976,43.3,-7
6069,27/10/2025,10,0.2,0,156.2,7.8,8.2,9.8,10.5,94,null,null,263.4,2.2,976.4,87.8,-6.5
6069,27/10/2025,11,0,0,262.4,8.9,9.8,9.9,10.5,90.1,null,null,266.5,2.5,977.1,136.6,-5.2
6069,27/10/2025,12,0,0,160.8,9.5,9.8,9.9,10.4,87.2,null,null,290.9,3.2,977.2,89.9,-3.3
6069,27/10/2025,13,0,0,162.2,9.2,9.6,10,10.4,88.9,null,null,284.4,3.4,977.7,56.8,-1.9
6069,27/10/2025,14,0,0,99.3,9,9.1,10.1,10.4,88.8,null,null,289.8,3.1,978.2,0.9,-1.2
6069,27/10/2025,15,0,0,109.5,8.8,9.1,10.1,10.4,87.3,null,null,287.2,2.4,978.8,-23.3,-1.5
6069,27/10/2025,16,0,0,40.2,8.6,8.8,10.2,10.4,88.8,null,null,270,1.5,979.3,-57,-2.1
6069,27/10/2025,17,0,0,0,7.4,5.4,10.2,10.5,92.4,null,null,217.7,0.6,979.6,-65.1,-3
6069,27/10/2025,18,0,0,0,6.7,4.7,10.1,10.5,95.1,null,null,208.6,0.9,979.9,-35.1,-4.9
6069,27/10/2025,19,0.7,0,0.6,7.2,6.5,10.1,10.5,95.6,null,null,233.6,1.3,980.4,-14.1,-7
6069,27/10/2025,20,0.2,0,0.1,7.5,7,9.9,10.5,95.4,null,null,250.3,1.7,980.9,-9.6,-7.6
6069,27/10/2025,21,0.1,0,0.3,7.4,7,9.9,10.5,95.6,null,null,252.4,1.9,981.4,-9.7,-7.3
6069,27/10/2025,22,0.1,0,0.1,7.5,7.3,9.8,10.4,95.8,null,null,271.9,1.4,982,-9.1,-7.2
6069,27/10/2025,23,0,0,0.1,7.1,6.2,9.8,10.4,96.2,null,null,259.5,1.1,982.2,-11.1,-7
6069,28/10/2025,0,0,0,0,7.2,6.6,9.8,10.4,95.9,null,null,272,1.5,982.7,-19.4,-7.2
6069,28/10/2025,1,0,0,0.9,7.5,7.1,9.8,10.4,93.1,null,null,275.3,2.2,983.3,-19.6,-7.4
6069,28/10/2025,2,0,0,1.3,8.5,8,9.7,10.3,87.4,null,null,295.7,3.8,984,-34.6,-7.3
6069,28/10/2025,3,0,0,0,8,7.3,9.7,10.4,85.1,null,null,281.2,2.7,984.3,-65.5,-7.1
6069,28/10/2025,4,0,0,0,7.4,6.7,9.7,10.3,83.7,null,null,273,2.6,984.6,-67.1,-7.2
6069,28/10/2025,5,0,0,0,6.7,5.8,9.6,10.3,82.7,null,null,255.8,2.5,984.7,-80.2,-7.7
6069,28/10/2025,6,0,0,0,6,5.2,9.6,10.3,85.1,null,null,249,2.5,984.5,-81.1,-8.6
6069,28/10/2025,7,0,0,6.2,5.7,4.9,9.5,10.3,86.2,null,null,251.8,2.2,984.5,-63.4,-9.3
6069,28/10/2025,8,0,0,39.9,5.6,5.2,9.4,10.2,87.2,null,null,234,1.5,984.5,-28.7,-9.9
6069,28/10/2025,9,0,0,122.9,6.1,6.3,9.4,10.2,86.7,null,null,216.1,1.7,984.4,28.9,-9.8
6069,28/10/2025,10,0,0,177.2,6.9,7.7,9.3,10.2,85,null,null,215,1.8,984.5,75.7,-8.8
6069,28/10/2025,11,0,0,128.4,7.5,8.1,9.3,10.1,83.9,null,null,225.8,2.1,984.5,68.7,-6.9
6069,28/10/2025,12,0,0,112.3,7.8,8.2,9.4,10.1,84.1,null,null,220.6,2,984.2,59.7,-4.9
6069,28/10/2025,13,0.1,0,83.6,7.5,7.7,9.5,10.1,85.4,null,null,261.6,1.8,984.1,47.1,-3.7
6069,28/10/2025,14,0.1,0,121.8,7.3,7.8,9.5,10.1,86.6,null,null,256.7,1.8,984.1,71.6,-3.1
6069,28/10/2025,15,0,0,114.5,7.6,8.4,9.6,10.1,85.2,null,null,259.2,2,984.3,33,-2.6
6069,28/10/2025,16,0,0,22.3,7,6.8,9.6,10.1,87.4,null,null,230.2,1.1,984.4,-33.9,-2.4
6069,28/10/2025,17,0,0,0.3,6.5,6.1,9.7,10.1,90.7,null,null,211.3,1,984.5,-44.2,-3
6069,28/10/2025,18,0,0,0.1,6.3,6,9.7,10.1,93,null,null,204,1,984.9,-25.7,-4.2
6069,28/10/2025,19,0,0,0.2,6.5,6.5,9.6,10.1,93.9,null,null,218.7,0.9,985.3,-15.4,-5
6069,28/10/2025,20,0,0,0.1,6.7,6.7,9.6,10.1,95.1,null,null,206.2,0.9,985.6,-14,-5.3
6069,28/10/2025,21,0,0,0,6.7,6.6,9.6,10.1,96.2,null,null,198.4,0.8,985.8,-13.4,-5.3
6069,28/10/2025,22,0,0,0,6.7,6.5,9.6,10.1,96.8,null,null,191.8,1.5,986,-12.5,-5.3
6069,28/10/2025,23,0,0,0.3,6.8,6.7,9.6,10.1,97.2,null,null,221.1,1,986.4,-9.7,-5.5
6069,29/10/2025,0,0,0,0.1,7,6.9,9.5,10.1,97.3,null,null,221,1,986.8,-11.5,-5.5
6069,29/10/2025,1,0,0,0,6.6,6.2,9.5,10.1,97.4,null,null,190.4,1.1,986.8,-14.9,-5.5
6069,29/10/2025,2,0,0,0.1,6.5,6.3,9.5,10.1,97.7,null,null,187.2,1,987,-11.7,-5.8
6069,29/10/2025,3,0,0,0,6.4,6.3,9.5,10.1,97.9,null,null,211.5,1.3,987.1,-10.6,-6
6069,29/10/2025,4,0,0,0,5.6,5.4,9.5,10.1,97.9,null,null,212.1,0.7,987.4,-11.3,-6.1
6069,29/10/2025,5,0,0,0.2,6.2,5.8,9.4,10,98.2,null,null,186.8,1.3,987.6,-11.2,-6.4
6069,29/10/2025,6,0,0,0.1,7.3,7.2,9.4,10,98.3,null,null,208.1,1.4,987.8,-10.5,-6.8
6069,29/10/2025,7,0.3,0,3.8,7.8,7.6,9.4,10,98.2,null,null,215.9,1.9,988.1,-7.3,-6.6
6069,29/10/2025,8,0,0,53.9,8.1,8,9.4,10,97.4,null,null,217.9,2,988.6,27,-6.2
6069,29/10/2025,9,1.6,0,88.1,8.5,8.6,9.4,10,95.4,null,null,211.7,2.4,989.1,38.5,-5.6
6069,29/10/2025,10,0,0,179,9.2,9.5,9.4,10,92.6,null,null,193.7,2.4,989.2,72.4,-4.5
6069,29/10/2025,11,0,0,157.8,10.2,10.4,9.4,10,87.5,null,null,199.6,2.7,989.3,72,-3
6069,29/10/2025,12,0,0,82.9,9.8,9.8,9.5,10,86.8,null,null,202.4,3.2,989,33.1,-1.3
6069,29/10/2025,13,0.2,0,49,9.4,9.4,9.6,10,88.9,null,null,193.4,2.7,988.7,15.2,-0.4
6069,29/10/2025,14,0.6,0,54.4,9.4,9.3,9.7,10,91.7,null,null,188.6,2.1,988.5,24.1,-0.4
6069,29/10/2025,15,0.1,0,41.7,9.5,9.4,9.7,10,93.6,null,null,176,2.6,988.1,11.4,-0.4
6069,29/10/2025,16,0,0,5.9,9.4,9.2,9.8,10,94.4,null,null,174.1,2.7,987.9,-12.2,-0.4
6069,29/10/2025,17,0.1,0,0.3,9.6,9.3,9.8,10,94.9,null,null,196.2,2.2,987.8,-14.6,-0.8
6069,29/10/2025,18,0,0,0,9.3,9,9.9,10.1,93.4,null,null,203.4,1.6,987.9,-16.9,-1.2
6069,29/10/2025,19,0.1,0,0,9.3,8.8,9.9,10.1,94.3,null,null,176.5,2,987.7,-25.2,-1.5
6069,29/10/2025,20,0.1,0,0,9.2,8.8,9.9,10.1,95.2,null,null,178.8,2.2,987.3,-22.7,-1.9
6069,29/10/2025,21,0.1,0,0.1,9.2,9,9.9,10.1,96.5,null,null,175.3,2.4,987.2,-15.9,-2.2
6069,29/10/2025,22,0.4,0,0.2,9.1,8.9,9.9,10.1,96.3,null,null,167.8,2.3,986.9,-15.6,-2.3
6069,29/10/2025,23,1,0,0.2,9,8.8,9.9,10.1,96.7,null,null,172.2,1.7,986.5,-13.9,-2.4
6069,30/10/2025,0,2.6,0,0.1,8.9,8.7,9.9,10.1,96.9,null,null,109.9,0.8,985.8,-9.9,-2.5
6069,30/10/2025,1,1.7,0,0.1,8.8,8.7,9.9,10.2,97,null,null,91.4,1.2,984.9,-9.4,-2.7
6069,30/10/2025,2,1.3,0,0,8.8,8.7,9.9,10.2,97.1,null,null,96.1,1.4,983.8,-14.6,-2.7
6069,30/10/2025,3,2.1,0,0,8.9,8.7,9.8,10.1,97.2,null,null,100.1,1.6,983.2,-16,-2.9
6069,30/10/2025,4,3,0,0,8.9,8.7,9.8,10.2,97.4,null,null,89.3,1.4,982.6,-15.6,-3
6069,30/10/2025,5,1.5,0,0,8.7,8.5,9.8,10.1,97.3,null,null,103.9,0.7,982.5,-16.8,-3.1
6069,30/10/2025,6,1.2,0,0,8.7,8.6,9.8,10.1,97.4,null,null,140.6,0.8,982.5,-17.9,-3.2
6069,30/10/2025,7,0.1,0,0,8.2,8,9.8,10.1,96.8,null,null,187.8,1.4,982.7,-25,-3.3
6069,30/10/2025,8,0.3,0,10.7,8.3,8.1,9.8,10.2,96.7,null,null,315.7,1.6,983.7,-10.2,-3.4
6069,30/10/2025,9,0.5,0,32.2,8,8,9.8,10.2,96.4,null,null,316.5,3.3,984.7,15.8,-3.5
6069,30/10/2025,10,0.1,0,96.2,7.3,7.4,9.8,10.1,93.2,null,null,306.8,3.5,986,58.6,-3.3
6069,30/10/2025,11,0,0,192.5,8,8.1,9.8,10.2,87.9,null,null,318.8,2.9,987.3,96.7,-3
6069,30/10/2025,12,0,0,347.5,9.4,10.1,9.8,10.1,79.3,null,null,312.6,3.4,988.4,148.1,-2.3
6069,30/10/2025,13,0,0,314,9.9,11,9.8,10.1,77.2,null,null,295.6,3.6,989.3,112.9,-1.1
6069,30/10/2025,14,0,0,209.2,10,10.6,9.9,10.1,76.3,null,null,297.9,3.6,990.4,41.4,-0.3
6069,30/10/2025,15,1.2,0,100.1,8.9,9.1,9.9,10.2,84.1,null,null,306.8,3,991.5,34.3,-0.2
6069,30/10/2025,16,0,0,24,7.6,7,10,10.1,90.9,null,null,301.9,1.6,992.6,-60.2,-0.5
6069,30/10/2025,17,0,0,0,6.7,4.4,10,10.2,93.1,null,null,270,0.6,993.8,-61.8,-2
6069,30/10/2025,18,0,0,0,5.9,3.1,9.9,10.2,94.2,null,null,258.9,0.8,995.1,-42.7,-4.2
6069,30/10/2025,19,0,0,0,5.9,4.2,9.8,10.2,94.9,null,null,267.3,1.2,996.1,-32.3,-6.7
6069,30/10/2025,20,0,0,0,5.4,3.1,9.7,10.2,95.4,null,null,247.7,0.7,996.8,-27.6,-8.3
6069,30/10/2025,21,0,0,0,5.3,3.4,9.6,10.2,95.5,null,null,236.3,1,997.9,-24.7,-9.7
6069,30/10/2025,22,0,0,0,5.1,3.6,9.5,10.2,95.4,null,null,236.2,0.8,998.7,-19.5,-10.8
6069,30/10/2025,23,0,0,0,4.6,2.7,9.3,10.1,95,null,null,207.3,0.3,999.2,-16.3,-11.4
6069,31/10/2025,0,0,0,0.1,4.2,2.3,9.2,10.1,95.9,null,null,203.5,0.2,999.5,-14.9,-11.9
6069,31/10/2025,1,0,0,0.4,4.7,3.4,9.1,10,96.7,null,null,191.4,0.4,1000.1,-11.5,-12.4
6069,31/10/2025,2,0,0,0.3,5.2,4.8,9,10,96.7,null,null,185.7,0.8,1000.7,-8.8,-12.6
6069,31/10/2025,3,0,0,0,4.9,4.6,9,9.9,96.1,null,null,164.6,1.3,1001.2,-9.6,-11.9
6069,31/10/2025,4,0,0,0,4.7,4.2,9,9.9,93.9,null,null,168.6,1.4,1001.5,-13.4,-11.1
6069,31/10/2025,5,0,0,0.1,4.1,3.2,8.9,9.9,94.9,null,null,168.7,1.3,1001.8,-12.1,-10.6
6069,31/10/2025,6,0,0,0,4.3,3.9,8.9,9.8,94.6,null,null,160.5,1.3,1002.3,-11.7,-10.9
6069,31/10/2025,7,0,0,2.9,4.3,3.6,8.8,9.8,94.2,null,null,168.4,1.1,1002.4,-10.6,-10.8
6069,31/10/2025,8,0,0,23.3,5,4.7,8.8,9.7,94.5,null,null,162.6,1.4,1003,6.3,-10.8
6069,31/10/2025,9,0,0,49.6,6.1,6,8.7,9.7,92.6,null,null,151.4,1.9,1003.3,25.8,-10.4
6069,31/10/2025,10,0,0,140,7.3,7.3,8.7,9.7,89.2,null,null,145.8,2.6,1003.3,61.7,-9.2
6069,31/10/2025,11,0,0,249.3,9,9.5,8.7,9.6,86.4,null,null,143.8,2.6,1003.5,89.9,-7.5
6069,31/10/2025,12,0,0,237.7,10.1,10.7,8.8,9.6,84.7,null,null,149.9,3.4,1003.3,103.7,-5.4
6069,31/10/2025,13,0,0,185.2,10.3,10.5,8.9,9.6,83,null,null,149.8,3.7,1003,63,-3
6069,31/10/2025,14,0,0,111.5,10.3,10.3,9,9.6,82.6,null,null,147,3.6,1002.6,30.7,-1.4
6069,31/10/2025,15,0,0,97.9,10.1,9.9,9.1,9.6,83.2,null,null,143,3.4,1002.2,-10.5,-0.6
6069,31/10/2025,16,0,0,25.7,9.3,8.7,9.2,9.6,86.7,null,null,138.1,2.9,1002.2,-68.9,-0.6
6069,31/10/2025,17,0,0,0,8.5,7.7,9.3,9.6,89.7,null,null,131,2.9,1002,-82.3,-1.5
6069,31/10/2025,18,0,0,0,8.1,7.5,9.3,9.7,90.9,null,null,135.3,3.5,1001.9,-78.1,-2.8
6069,31/10/2025,19,0,0,0,8.2,7.7,9.3,9.7,91.6,null,null,141,3.4,1001.8,-61.5,-3.9
6069,31/10/2025,20,0,0,0,8.3,7.9,9.3,9.7,91.1,null,null,142,3.6,1001.7,-42.5,-4.6
6069,31/10/2025,21,0,0,0,8.4,8,9.2,9.7,90.4,null,null,147.2,4,1001.5,-37.7,-4.8
6069,31/10/2025,22,0,0,0,8.3,7.9,9.2,9.7,91.1,null,null,141.7,3.7,1000.9,-31.1,-4.9
6069,31/10/2025,23,0.4,0,0.8,8.3,8.1,9.2,9.7,92.6,null,null,140.9,3.6,1000.6,-16.1,-4.9
6069,01/11/2025,0,0,0,1.9,8.4,8.1,9.2,9.7,92.9,null,null,148.4,3.8,1000.4,-24.7,-4.7
6069,01/11/2025,1,0,0,1,8.5,8.2,9.2,9.7,92.4,null,null,144.5,3.9,1000.1,-19.1,-4.6
6069,01/11/2025,2,0,0,0.2,8.5,8.2,9.2,9.7,91.1,null,null,144,4.1,999.7,-27.9,-4.5
6069,01/11/2025,3,0,0,0,8.4,8,9.2,9.7,91.2,null,null,150.8,3.7,999.4,-29.7,-4.4
6069,01/11/2025,4,0,0,0.2,8.3,8.1,9.2,9.7,91.5,null,null,151.2,3.5,999.1,-20.4,-4.4
6069,01/11/2025,5,0,0,0.3,8.3,8,9.2,9.7,91.8,null,null,148.3,3.8,998.6,-35.8,-4.4
6069,01/11/2025,6,0,0,0,8,7.5,9.2,9.7,92.6,null,null,153.6,4.5,998,-67.5,-4.4
6069,01/11/2025,7,0,0,3.3,7.9,7.5,9.2,9.7,93,null,null,149.4,5,997.4,-70.1,-4.8
6069,01/11/2025,8,0,0,40.7,7.9,7.6,9.2,9.7,93,null,null,153.5,4.7,997.7,-38.8,-5.3
6069,01/11/2025,9,0,0,115.6,8.4,8.5,9.2,9.7,93.4,null,null,146.8,5.3,996.8,19.3,-5.4
6069,01/11/2025,10,0,0,135.2,9.6,9.7,9.2,9.7,90.4,null,null,145.3,5.1,996.2,31,-4.7
6069,01/11/2025,11,0,0,136.1,10.4,10.5,9.2,9.7,88.3,null,null,153,5.1,996,52.5,-3.4
6069,01/11/2025,12,0,0,114.3,10.9,10.9,9.2,9.7,87.2,null,null,153.2,5.4,995.2,46.4,-1.9
6069,01/11/2025,13,0.1,0,42.8,11,10.7,9.3,9.7,87.4,null,null,153.9,4.5,994.3,6.3,-0.5
6069,01/11/2025,14,0.1,0,39.4,11.2,10.9,9.4,9.7,88.1,null,null,157,4.7,993.6,4,0.1
6069,01/11/2025,15,0.3,0,15.5,11.1,10.7,9.5,9.7,89.4,null,null,156.6,4.3,992.9,-8.1,0.4
6069,01/11/2025,16,0.6,0,3.6,10.8,10.5,9.6,9.7,92.4,null,null,162.4,4,992.6,-13.6,0.5
6069,01/11/2025,17,1.7,0,0.1,10.8,10.6,9.6,9.7,94.5,null,null,173.7,4,992.7,-15.6,0.5
6069,01/11/2025,18,0.4,0,0.6,10.8,10.6,9.7,9.8,95.2,null,null,188.2,3,993,-14.5,0.5
6069,01/11/2025,19,0,0,0.4,10.9,10.4,9.7,9.8,94.4,null,null,199.4,2.9,993.4,-23.1,0.6
6069,01/11/2025,20,0,0,0.8,10.9,10.4,9.7,9.8,93.4,null,null,201,2.7,993.8,-26.9,0.5
6069,01/11/2025,21,0,0,0.2,11.1,10.5,9.8,9.8,92.4,null,null,211.1,2.5,994.3,-42.2,0.3
6069,01/11/2025,22,0.2,0,0,10.8,10,9.8,9.9,92.9,null,null,203.6,2.5,994.7,-60.5,0.1
6069,01/11/2025,23,0,0,0,10.2,9.2,9.8,9.9,93.7,null,null,198.5,2.6,994.7,-69.9,-0.3
6069,02/11/2025,0,0,0,0,9.9,9.1,9.8,9.9,94.3,null,null,200.4,2.3,995.1,-38.7,-1.1
6069,02/11/2025,1,0.1,0,0,9.6,8.7,9.8,9.9,94.5,null,null,195.1,2.2,995.2,-44.7,-1.8
6069,02/11/2025,2,0,0,0,9.2,8.2,9.8,10,95.1,null,null,190.4,2.1,995.1,-33.1,-2.3
6069,02/11/2025,3,0,0,0,9,8.1,9.7,10,95.2,null,null,191.4,2.1,995.3,-27.2,-2.8
6069,02/11/2025,4,0,0,0.1,9.1,8.5,9.7,10,95.6,null,null,185.8,2.4,995.3,-21.4,-3.4
6069,02/11/2025,5,0,0,0,8.8,8.2,9.7,10,96.3,null,null,175,2.3,995.3,-21.6,-3.6
6069,02/11/2025,6,0,0,0.1,8.8,8.6,9.6,10,96.9,null,null,172.6,3.6,995.3,-12.1,-3.7
6069,02/11/2025,7,2.6,0,0.3,9.1,8.9,9.6,10,97,null,null,166.6,2.8,995.1,-12.9,-3.6
6069,02/11/2025,8,3.9,0,5.6,9.2,8.9,9.6,9.9,93.8,null,null,173.2,3.8,994.9,-12.6,-3.4
6069,02/11/2025,9,0,0,54.2,9.1,8.9,9.6,9.9,93.2,null,null,177.7,3.1,995.1,12.8,-3.2
6069,02/11/2025,10,0,0,154.8,10,10,9.6,10,91.7,null,null,198.7,3.1,995.2,62.5,-2.6
6069,02/11/2025,11,0,0,181.3,10.7,10.8,9.6,10,85.9,null,null,233.2,3.3,995.9,74.4,-1.5
6069,02/11/2025,12,0,0,310.5,11.5,12.6,9.7,10,80.4,null,null,236.8,3.4,996,184.6,0.1
6069,02/11/2025,13,0.2,0,335.9,11.5,12.8,9.8,9.9,82.5,null,null,267,2.2,996,194.7,2.5
6069,02/11/2025,14,0,0,136.6,11.4,12.2,9.9,10,78.6,null,null,272.4,2.2,996.3,23.2,4.7
6069,02/11/2025,15,0,0,82.1,11,10.8,10.1,10,78.5,null,null,256.5,1.7,996.5,-40.8,5.5
6069,02/11/2025,16,0,0,15.8,10.3,9.2,10.1,10,79.6,null,null,220.3,0.8,997,-84.3,4
6069,02/11/2025,17,0,0,0,8.9,6.4,10.2,10.1,84.3,null,null,189.9,0.8,997.2,-77.9,1.6
6069,02/11/2025,18,0,0,0,7.9,5,10.1,10.1,87.5,null,null,172.6,1.1,997.3,-78.9,-1.5
6069,02/11/2025,19,0,0,0,7.4,5.8,10,10.1,90.6,null,null,177.5,1.7,997.6,-65.4,-4.2
6069,02/11/2025,20,0,0,0,7.4,6.4,9.9,10.1,94.5,null,null,176.7,2.3,997.7,-51.1,-5.7
6069,02/11/2025,21,0,0,0,7.6,7.2,9.8,10.1,96.6,null,null,179,2.8,998.1,-24.2,-6.2
6069,02/11/2025,22,0,0,0,7.4,6.7,9.7,10.1,96.3,null,null,179.5,2.6,998.2,-26.5,-6.1
6069,02/11/2025,23,0,0,0,7.2,6.6,9.7,10.1,95.6,null,null,178.8,2.6,998.1,-22.9,-6.2
6069,03/11/2025,0,0,0,0,7.1,6.8,9.6,10.1,95.6,null,null,178.2,2.8,998,-16.6,-6.3
6069,03/11/2025,1,0,0,0,7.3,6.9,9.5,10.1,95.7,null,null,175.9,2.4,998.1,-19.2,-6.3
6069,03/11/2025,2,0,0,0,7.3,6.7,9.5,10.1,95.3,null,null,187.3,1.8,998.2,-17.4,-6.2
6069,03/11/2025,3,0,0,0,7.3,6.7,9.5,10,94.5,null,null,213.3,1.7,998.2,-20.9,-6.3
6069,03/11/2025,4,0,0,0,6.9,6.1,9.4,10,95.4,null,null,203.7,2,998.3,-21.2,-6.4
6069,03/11/2025,5,0,0,0.2,7,6.5,9.4,10,96.4,null,null,217.1,1.8,998.6,-14,-6.8
6069,03/11/2025,6,0,0,0,7.2,6.6,9.3,10,96.7,null,null,207,1.8,999.1,-17.4,-6.9
6069,03/11/2025,7,0,0,1.4,6.5,5.3,9.3,9.9,96.6,null,null,190.8,1.8,999.4,-17.3,-6.8
6069,03/11/2025,8,0,0,57.4,6.5,6,9.2,9.9,96.2,null,null,184.8,2.1,999.8,17,-7.4
6069,03/11/2025,9,0,0,113.3,7.5,7.9,9.2,9.9,92.1,null,null,192.4,2.4,1000.5,42.6,-7.6
6069,03/11/2025,10,0,0,184.4,8.7,9.3,9.2,9.8,87.3,null,null,178.7,2.9,1000.4,49,-6.6
6069,03/11/2025,11,0,0,227.9,9.8,10.4,9.2,9.8,83.5,null,null,191.7,3.3,1000.5,95.1,-5
6069,03/11/2025,12,0,0,172.3,10.2,10.5,9.2,9.8,80.1,null,null,193.1,3.2,1000.2,60,-2.9
6069,03/11/2025,13,0,0,124.1,10.6,10.6,9.3,9.8,79.7,null,null,185.9,3.6,999.7,49.7,-1
6069,03/11/2025,14,0.3,0,59.8,10.4,10.1,9.4,9.8,83.2,null,null,177.8,3.7,999.4,21,0
6069,03/11/2025,15,1,0,29.3,9.9,9.6,9.5,9.8,91.4,null,null,174.7,4.5,998.8,7.1,0.3
6069,03/11/2025,16,0.3,0,4.6,9.5,9.3,9.6,9.8,94.8,null,null,174.7,5.2,998.3,-7.9,0.1
6069,03/11/2025,17,0.2,0,0.3,9.5,9.3,9.6,9.8,95.6,null,null,178.4,5,997.9,-10.9,-0.3
6069,03/11/2025,18,0.1,0,0.3,10,9.8,9.6,9.9,95.6,null,null,188.8,4.5,997.8,-11.2,-0.6
6069,03/11/2025,19,0.2,0,0,10.5,10.4,9.7,9.9,96.1,null,null,196.2,4.2,997.8,-12,-0.8
6069,03/11/2025,20,0.1,0,0.1,11,10.9,9.7,9.9,96.9,null,null,198.8,3.2,998.2,-12.1,-0.6
6069,03/11/2025,21,0.2,0,0.1,11.5,11.4,9.7,9.9,97.3,null,null,203,2.8,998.5,-12.1,-0.2
6069,03/11/2025,22,0.3,0,0.3,12.2,12,9.8,9.9,97.3,null,null,220.6,3,999.1,-13.5,0.3
6069,03/11/2025,23,0.2,0,0.5,12.5,12.3,9.8,9.9,96.4,null,null,217.1,3.2,999.2,-13.5,0.9
6069,04/11/2025,0,0.2,0,0.5,12.7,12.5,9.9,10,96.2,null,null,228.4,3.6,999.6,-13.6,1.5
6069,04/11/2025,1,0.1,0,0.8,12.8,12.5,10,10,95.8,null,null,223.1,3.6,999.8,-13.8,2.1
6069,04/11/2025,2,0,0,2.5,13,12.6,10,10,93.2,null,null,223.9,3.8,999.9,-12.9,2.6
6069,04/11/2025,3,0,0,1,13.1,12.6,10.1,10,91.8,null,null,221.8,3.6,1000,-16.8,2.9
6069,04/11/2025,4,0.2,0,0.1,13,12.6,10.2,10.1,93.4,null,null,225.8,3.8,1000.2,-15.3,3.2
6069,04/11/2025,5,0,0,0.2,12.9,12.5,10.3,10.1,94.3,null,null,218.7,3.7,1000.2,-15.4,3.5
6069,04/11/2025,6,0.4,0,0.1,12.9,12.5,10.3,10.1,94.7,null,null,213.7,3.7,1000.4,-14.5,3.6
6069,04/11/2025,7,0,0,0.5,12.8,12.4,10.4,10.2,94.4,null,null,219.4,3.9,1000.6,-14.3,3.7
6069,04/11/2025,8,0,0,6.6,12.9,12.4,10.4,10.2,92.1,null,null,227.1,3.8,1001.2,-9.5,3.8
6069,04/11/2025,9,0.1,0,38.9,12.9,12.6,10.5,10.3,94.4,null,null,226,3.9,1001.7,15.5,3.9
6069,04/11/2025,10,0,0,61.3,13,12.9,10.5,10.3,95.2,null,null,224.6,3.8,1002.2,32.9,4.3
6069,04/11/2025,11,0.2,0,49.9,13,12.8,10.6,10.3,94.9,null,null,225.8,3.9,1002.6,24.6,4.9
6069,04/11/2025,12,0.1,0,70.8,13,12.9,10.7,10.4,94.8,null,null,222.2,3.9,1002.7,39.2,5.4
6069,04/11/2025,13,0,0,30.2,13.2,12.8,10.8,10.4,93,null,null,229,4,1003,8,6
6069,04/11/2025,14,0,0,37,13.2,12.8,10.8,10.4,93.2,null,null,226.7,3.8,1003.4,13.5,6.1
6069,04/11/2025,15,0,0,15.7,13,12.7,10.9,10.5,94.3,null,null,225.6,3.5,1003.6,-2.3,6.1
6069,04/11/2025,16,0,0,3.9,13,12.6,11,10.5,92.8,null,null,213.9,3.3,1003.8,-13.1,6
6069,04/11/2025,17,0,0,0.1,12.9,12.4,11,10.6,92.1,null,null,204.2,3.7,1004.1,-17.4,5.7
6069,04/11/2025,18,0,0,0,12.5,12.1,11,10.6,93,null,null,204.7,3.8,1004.5,-16.3,5.4
6069,04/11/2025,19,0,0,1.1,12.4,11.9,11.1,10.7,91.1,null,null,209.6,3.9,1004.6,-16.6,5
6069,04/11/2025,20,0,0,0.1,12.2,11.8,11.1,10.7,89.5,null,null,210.8,3.8,1004.5,-21.5,4.5
6069,04/11/2025,21,0,0,0,11.7,11.1,11.1,10.7,89.4,null,null,196.9,3.3,1004.2,-55.9,4
6069,04/11/2025,22,0,0,0,11.4,10.9,11.1,10.8,89.6,null,null,185.6,3.4,1004.2,-43.9,3.1
6069,04/11/2025,23,0,0,0,11.1,10.6,11.1,10.8,90.6,null,null,174,3.2,1004.3,-48.9,2.3
6069,05/11/2025,0,0,0,0,10.9,10.5,11.1,10.8,91.2,null,null,172.4,3.4,1004.3,-43.6,1.5
6069,05/11/2025,1,0,0,0,10.9,10.5,11,10.8,90.2,null,null,170.1,3.7,1004,-41.4,0.9
6069,05/11/2025,2,0,0,0,10.9,10.5,11,10.8,88.6,null,null,177.8,3.6,1003.7,-37.5,0.4
6069,05/11/2025,3,0,0,0,10.8,10.3,11,10.8,87.4,null,null,177.4,3.5,1003.1,-43.2,0
6069,05/11/2025,4,0,0,0.1,10.6,10.2,10.9,10.8,87.4,null,null,179.8,3.9,1002.6,-40.9,-0.4
6069,05/11/2025,5,0,0,0,10.6,10.2,10.9,10.8,87.2,null,null,184.8,3.6,1002.6,-27.2,-0.8
6069,05/11/2025,6,0,0,0.1,10.5,10.1,10.8,10.8,87.4,null,null,184.7,3.3,1002.5,-28.9,-1.1
6069,05/11/2025,7,0,0,0.6,10.5,10.2,10.8,10.8,87.1,null,null,183.7,3.2,1002.8,-20.3,-1.3
6069,05/11/2025,8,0,0,5.2,10.7,10.4,10.8,10.8,86.5,null,null,183.2,3.3,1003.2,-13.1,-1.3
6069,05/11/2025,9,0,0,24.9,11.1,10.8,10.8,10.8,86.1,null,null,184.4,2.6,1003.3,3.8,-1.2
6069,05/11/2025,10,0,0,63.2,11.7,11.6,10.8,10.8,85,null,null,196.4,2.9,1003.4,25,-0.8
6069,05/11/2025,11,0,0,109.2,12.3,12.3,10.8,10.8,84.6,null,null,196.4,2.9,1003.4,44.4,0.1
6069,05/11/2025,12,0,0,66.4,12.9,12.8,10.8,10.8,83.1,null,null,201.2,2.7,1003.4,28.8,1.4
6069,05/11/2025,13,0,0,69.9,13.1,13,10.9,10.8,83.4,null,null,212.2,2.8,1003.5,31.4,2.4
6069,05/11/2025,14,0,0,58.8,13,12.9,10.9,10.8,84.2,null,null,210,3,1003.5,21.9,3.2
6069,05/11/2025,15,0,0,40.4,12.9,12.8,11,10.8,84.3,null,null,208.6,3,1003.6,8,3.7
6069,05/11/2025,16,0,0,10.4,12.5,12.1,11,10.8,85.8,null,null,195.4,2.2,1003.6,-26.7,3.8
6069,05/11/2025,17,0,0,0.1,11.8,11.2,11.1,10.8,88.1,null,null,195.5,2.1,1003.8,-48.5,3.4
6069,05/11/2025,18,0,0,0,11.2,10.6,11.1,10.9,89.5,null,null,199.8,2.2,1004,-46.3,2.5
6069,05/11/2025,19,0,0,0.1,11.1,10.5,11.1,10.9,89.3,null,null,190.2,2.4,1004.2,-43,1.6
6069,05/11/2025,20,0,0,0.2,11,10.7,11.1,10.9,88.8,null,null,189.1,2.1,1004.3,-20.4,0.8
6069,05/11/2025,21,0,0,0,11,10.7,11,10.9,88,null,null,175.4,2.5,1004.2,-23,0.4
6069,05/11/2025,22,0,0,0.1,11,10.7,11,10.9,86.9,null,null,184.4,2.7,1004.2,-22.7,0.2
6069,05/11/2025,23,0,0,0,11,10.7,11,11,87.4,null,null,182,2.5,1004.2,-19.6,0
6069,06/11/2025,0,0.1,0,1.1,10.9,10.6,11,11,89.4,null,null,171.8,2.3,1004.3,-16.2,-0.1
6069,06/11/2025,1,0,0,0.1,10.8,10.5,11,11,90.4,null,null,162.8,1.9,1004.2,-16.3,-0.2
6069,06/11/2025,2,0,0,0.1,10.8,10.4,11,10.9,89.4,null,null,173.5,2.4,1003.7,-21,-0.3
6069,06/11/2025,3,0,0,0.3,11,10.6,10.9,11,87.3,null,null,176.1,2.6,1003.3,-24.8,-0.4
6069,06/11/2025,4,0,0,0,11,10.5,10.9,10.9,87.1,null,null,177.2,2.1,1003.3,-29.4,-0.5
6069,06/11/2025,5,0,0,0,10.8,10.3,10.9,11,87.9,null,null,148.2,1.8,1003,-26.5,-0.7
6069,06/11/2025,6,0,0,0.1,10.6,9.9,10.9,10.9,87.4,null,null,129.8,1.1,1003,-38.3,-0.9
6069,06/11/2025,7,0,0,1.3,10.3,9.5,10.9,11,88,null,null,138.6,1.1,1003,-34.1,-1.2
6069,06/11/2025,8,0,0,19.9,10.3,9.9,10.9,10.9,88.7,null,null,138.8,1.2,1003.2,-17.4,-1.6
6069,06/11/2025,9,0,0,143.9,11.1,11.6,10.8,10.9,86.2,null,null,162.6,1.5,1003.2,39.4,-1.6
6069,06/11/2025,10,0,0,181.8,12.7,13.3,10.8,10.9,77.3,null,null,161.8,2.5,1003.2,44.1,-0.6
6069,06/11/2025,11,0,0,239.8,13.1,14,10.9,10.9,74.3,null,null,172.2,2.5,1003.4,83.4,0.9
6069,06/11/2025,12,0,0,237.3,13.7,14.4,10.9,10.9,71.1,null,null,163.1,2.3,1003.1,91.7,2.4
6069,06/11/2025,13,0,0,289.2,15,15.9,11,10.9,66.3,null,null,159.8,3.2,1002.8,102.5,3.9
6069,06/11/2025,14,0,0,155.2,15.3,15.6,11.1,10.9,66.8,null,null,154.3,2.1,1002.6,-3.9,5.2
6069,06/11/2025,15,0,0,47.4,14,12.7,11.2,11,67.8,null,null,127.1,1,1002.6,-56.5,5.3
6069,06/11/2025,16,0,0,10.1,12.6,10.7,11.2,11,73.2,null,null,135.5,1.4,1002.5,-73.3,4
6069,06/11/2025,17,0,0,0,11.4,9.8,11.2,11,77.8,null,null,142.4,2,1002.2,-80.1,2.3
6069,06/11/2025,18,0,0,0,10,7.9,11.2,11,85.6,null,null,173,0.8,1002.4,-72.1,0.5
6069,06/11/2025,19,0,0,0.1,8.9,7,11.1,11.1,89,null,null,117.1,0.7,1002.5,-67.2,-1.4
6069,06/11/2025,20,0,0,0,8.3,6.7,11,11.1,89.4,null,null,120.8,1.3,1002.3,-71.5,-3.2
6069,06/11/2025,21,0,0,0,8.3,6.8,10.9,11.1,89.6,null,null,125.5,1.5,1002,-72.4,-4.5
6069,06/11/2025,22,0,0,0,8.3,7.4,10.8,11.1,90.1,null,null,146,2.1,1002,-75.9,-5.4
6069,06/11/2025,23,0,0,0,8.1,7.1,10.7,11,90.3,null,null,152.2,2,1002,-69.5,-5.9
6069,07/11/2025,0,0,0,0,7.8,6.8,10.6,11,90.8,null,null,147.8,2,1001.7,-69.6,-6.3
6069,07/11/2025,1,0,0,0,7.4,5.9,10.5,11,91.7,null,null,148.3,1.5,1001.5,-70.6,-6.7
6069,07/11/2025,2,0,0,0,7,4.8,10.5,10.9,93.2,null,null,143.6,1.2,1001.3,-53.7,-7.3
6069,07/11/2025,3,0,0,0,6.5,4.4,10.4,10.9,94.4,null,null,95.8,0.7,1001.1,-38.9,-8.3
6069,07/11/2025,4,0,0,0,5.8,4,10.2,10.9,95.7,null,null,108,1.2,1000.7,-30.2,-9.5
6069,07/11/2025,5,0,0,0,5.7,5.1,10.1,10.8,96.9,null,null,111.4,1.6,1000.5,-21.8,-10.4
6069,07/11/2025,6,0,0,0,6.1,5.7,10,10.8,97.6,null,null,127.8,1.7,1000.6,-19.7,-10.5
6069,07/11/2025,7,0,0,0.9,6.3,6.3,9.9,10.7,97.9,null,null,134.8,2.1,1000.7,-10,-10.1
6069,07/11/2025,8,0,0,9.6,7.2,7.3,9.8,10.7,98.1,null,null,140.4,2.7,1000.8,-2.1,-9.4
6069,07/11/2025,9,0,0,42.5,7.5,7.7,9.8,10.6,97.4,null,null,156.8,2.6,1000.9,18.7,-8.4
6069,07/11/2025,10,0,0,71.4,7.8,8.1,9.8,10.6,94.3,null,null,156.2,2.7,1001.2,39.1,-7.2
6069,07/11/2025,11,0,0,97,8.6,8.9,9.8,10.5,91.4,null,null,150.4,2.5,1001.1,53.4,-5.9
6069,07/11/2025,12,0,0,110.8,8.9,9.4,9.9,10.5,88.2,null,null,171,2.2,1001,55.4,-4.3
6069,07/11/2025,13,0,0,112.8,8.9,9.6,9.9,10.5,86.9,null,null,169.9,1.8,1000.9,52.3,-2.8
6069,07/11/2025,14,0,0,59.8,8.3,8.7,10,10.5,88.6,null,null,208,1.7,1001.1,26.4,-1.6
6069,07/11/2025,15,0,0,26.8,7.9,8.3,10.1,10.5,88.8,null,null,206.4,0.4,1001,3,-1.2
6069,07/11/2025,16,0,0,3.1,7.9,8.1,10.1,10.4,89.5,null,null,193.6,0.6,1001.3,-12.4,-1.3
6069,07/11/2025,17,0,0,0,7.9,7.9,10.2,10.5,89.8,null,null,276.6,0.2,1001.5,-13.8,-1.7
6069,07/11/2025,18,0,0,0.1,7.9,7.9,10.2,10.5,90.8,null,null,138.8,0.4,1001.9,-13.3,-2.2
6069,07/11/2025,19,0,0,0,7.9,7.9,10.2,10.5,92.4,null,null,139.2,1.3,1002.3,-11.8,-2.5
6069,07/11/2025,20,0,0,0,7.8,7.8,10.2,10.5,94.6,null,null,126.9,0.7,1002.7,-9.2,-2.8
6069,07/11/2025,21,0,0,0.1,7.8,7.9,10.2,10.5,95.7,null,null,132.2,0.7,1003.2,-8.8,-3
6069,07/11/2025,22,0,0,0.1,7.8,7.9,10.2,10.5,96.3,null,null,147.7,1.1,1003.3,-9.5,-3.1
6069,07/11/2025,23,0,0,0.1,7.9,8,10.1,10.5,96.5,null,null,162.2,1,1003.4,-10.5,-3.1
6069,08/11/2025,0,0,0,0.1,8.1,8.1,10.1,10.5,96.1,null,null,169.7,1,1003.6,-11,-3.2
6069,08/11/2025,1,0,0,0,8.1,8.2,10.1,10.5,95.8,null,null,252.2,0.2,1003.6,-10.5,-3.2
6069,08/11/2025,2,0,0,0,8.1,8.2,10.1,10.5,95.8,null,null,58.2,0.1,1003.6,-10.9,-3.1
6069,08/11/2025,3,0,0,0.1,8.2,8.2,10.1,10.5,96,null,null,135.5,0.3,1003.7,-10.5,-3.1
6069,08/11/2025,4,0,0,0.2,8.1,8.1,10.1,10.5,96.1,null,null,86.1,0.5,1003.9,-10.5,-3
6069,08/11/2025,5,0,0,0.1,8,8.1,10.1,10.5,96.3,null,null,123,0.3,1004,-10.2,-3
6069,08/11/2025,6,0,0,0.2,8,8,10.1,10.4,96.4,null,null,146.5,0.5,1004,-10.5,-3
6069,08/11/2025,7,0,0,0.2,7.9,8,10.1,10.5,96.5,null,null,114.9,0.4,1004.2,-11.2,-3
6069,08/11/2025,8,0,0,4.2,7.9,8.1,10.1,10.4,96.5,null,null,161.8,0.2,1004.6,-8.4,-3
6069,08/11/2025,9,0,0,15.6,8,8.2,10.1,10.4,96.4,null,null,87.9,0.4,1005,0,-2.9
6069,08/11/2025,10,0,0,25.1,8.1,8.4,10.1,10.4,96.3,null,null,49.1,0.5,1005.1,7.7,-2.7
6069,08/11/2025,11,0,0,29.2,8.2,8.5,10.1,10.4,96,null,null,87.4,0.5,1005.3,10.4,-2.4
6069,08/11/2025,12,0,0,26.9,8.3,8.6,10.1,10.4,95.8,null,null,68.6,0.6,1005.3,8.3,-2
6069,08/11/2025,13,0,0,19,8.3,8.7,10.2,10.4,95.7,null,null,116.4,0.2,1005.2,3.2,-1.6
6069,08/11/2025,14,0,0,17.1,8.3,8.6,10.2,10.4,95.3,null,null,178.9,0.3,1005.1,1.9,-1.4
6069,08/11/2025,15,0,0,7.2,8.2,8.4,10.2,10.4,95.1,null,null,114.9,0.6,1005,-4.5,-1.3
6069,08/11/2025,16,0,0,1.7,8,8.2,10.2,10.4,95.6,null,null,76.9,0.8,1004.9,-7.2,-1.4
6069,08/11/2025,17,0,0,0,8,8,10.2,10.5,96.1,null,null,65.6,0.8,1004.9,-8.7,-1.7
6069,08/11/2025,18,0,0,0,7.9,8,10.2,10.4,96.2,null,null,81.3,0.6,1004.9,-8.6,-2.1
6069,08/11/2025,19,0,0,0,7.8,7.9,10.2,10.5,96.1,null,null,87.9,0.4,1005,-8.9,-2.4
6069,08/11/2025,20,0,0,0,7.7,7.8,10.2,10.5,95.5,null,null,76.7,0.4,1005.2,-8.6,-2.5
6069,08/11/2025,21,0,0,0.4,7.8,7.8,10.2,10.4,95.4,null,null,96,0.8,1005.2,-8.9,-2.7
6069,08/11/2025,22,0,0,0,7.8,7.8,10.2,10.5,96,null,null,91,0.7,1005.3,-9.1,-2.9
6069,08/11/2025,23,0.1,0,0.1,7.7,7.8,10.2,10.5,96.2,null,null,113.3,0.8,1005.2,-8.7,-3
6069,09/11/2025,0,0,0,0,7.5,7.5,10.1,10.5,96.2,null,null,148.3,1.6,1005.2,-8.6,-3.1
6069,09/11/2025,1,0.1,0,0,7.4,7.4,10.1,10.5,96.1,null,null,151,1.7,1005,-8,-3.3
6069,09/11/2025,2,0.1,0,0.1,7.2,7.2,10.1,10.4,96.4,null,null,140.9,1.4,1004.8,-7.8,-3.5
6069,09/11/2025,3,0,0,0,7,7.1,10.1,10.4,96.4,null,null,129.4,0.9,1004.7,-9,-3.8
6069,09/11/2025,4,0,0,0.2,6.9,6.9,10.1,10.4,96.3,null,null,129.3,1,1004.5,-9.3,-3.9
6069,09/11/2025,5,0,0,0,6.8,6.9,10.1,10.4,96.2,null,null,143.1,1,1004.4,-10.5,-4.1
6069,09/11/2025,6,0,0,0.2,6.8,6.8,10,10.4,96,null,null,158,1,1004.4,-10.6,-4.3
6069,09/11/2025,7,0,0,0.2,6.8,6.8,10,10.4,96,null,null,149.2,0.8,1004.7,-11.1,-4.4
6069,09/11/2025,8,0,0,6.8,6.8,6.8,10,10.4,96.2,null,null,161.2,0.9,1005,-5.5,-4.5
6069,09/11/2025,9,0,0,26.8,6.8,7,10,10.4,96.1,null,null,185.8,1.1,1005.2,6.4,-4.5
6069,09/11/2025,10,0,0,50.2,6.8,7.2,10,10.4,94.7,null,null,194.2,1.3,1005.3,20.6,-4.3
6069,09/11/2025,11,0,0,76.8,7,7.6,9.9,10.3,93.4,null,null,207.6,0.9,1005.4,41,-3.8
6069,09/11/2025,12,0,0,60.7,7.2,7.7,10,10.3,91.7,null,null,231.1,0.9,1005.2,28.2,-2.8
6069,09/11/2025,13,0,0,32.7,7.1,7.5,10,10.3,91,null,null,178.6,0.5,1005,12.1,-2.1
6069,09/11/2025,14,0,0,27.5,6.9,7.3,10,10.3,90.8,null,null,124.6,0.5,1005,12,-1.9
6069,09/11/2025,15,0,0,17,6.9,7.3,10.1,10.3,92,null,null,88.3,0.2,1005,3.5,-1.9
6069,09/11/2025,16,0,0,2.5,6.8,7,10.1,10.3,93.4,null,null,76.5,0.3,1004.9,-7.3,-2.1
6069,09/11/2025,17,0,0,0.1,6.6,6.7,10.1,10.3,94.9,null,null,72.3,0.7,1005,-7.8,-2.4
6069,09/11/2025,18,0,0,0.2,6.2,6.3,10.1,10.4,95.9,null,null,131.4,1.4,1005.2,-7.6,-2.9
6069,09/11/2025,19,0,0,0,6,6.1,10,10.3,96,null,null,210.8,1,1005.4,-9.2,-3.5
6069,09/11/2025,20,0,0,0,6.1,6.2,10,10.3,95.7,null,null,218.1,0.3,1005.4,-10.7,-4
6069,09/11/2025,21,0,0,0,6.2,6.3,10,10.3,95.8,null,null,185.5,0.9,1005.3,-13.2,-4.3
6069,09/11/2025,22,0,0,0,6.2,6,9.9,10.3,95.7,null,null,190.8,1,1005.2,-26.2,-4.6
6069,09/11/2025,23,0,0,0.2,5.7,5.1,9.9,10.3,94.4,null,null,170.6,0.6,1004.9,-26,-5
6069,10/11/2025,0,0,0,0.1,5.8,5.7,9.9,10.3,94.7,null,null,234.3,0.6,1004.8,-16.2,-5.8
6069,10/11/2025,1,0,0,0.3,6.1,6.1,9.8,10.3,94.1,null,null,267.4,0.4,1004.9,-11.4,-6.1
6069,10/11/2025,2,0,0,0.1,6.3,6.5,9.8,10.3,94.7,null,null,267.6,0,1004.9,-10.2,-6
6069,10/11/2025,3,0,0,0.2,6.2,6.3,9.7,10.3,95,null,null,148.7,0.9,1004.5,-17.8,-5.7
6069,10/11/2025,4,0,0,0,5.8,5.6,9.7,10.2,93.4,null,null,150.8,0.9,1004.2,-27.7,-5.6
6069,10/11/2025,5,0,0,0,5.5,5,9.7,10.2,94,null,null,220.6,0.8,1004.4,-36.7,-5.9
6069,10/11/2025,6,0,0,0.1,5.6,5.5,9.6,10.2,95.5,null,null,203.8,1.3,1004.3,-15.3,-6.5
6069,10/11/2025,7,0,0,0.5,6,6,9.6,10.2,95.4,null,null,164.4,1,1004.1,-12.7,-6.9
6069,10/11/2025,8,0,0,13.2,5.7,5.2,9.6,10.2,95,null,null,157.4,1,1004.1,-37.2,-6.7
6069,10/11/2025,9,0,0,63.7,5.8,5.7,9.5,10.2,95.8,null,null,143.9,1.3,1004.2,2.3,-6.8
6069,10/11/2025,10,0,0,78.2,6.6,7.1,9.5,10.1,95,null,null,149.2,1.6,1004.2,40.9,-6.8
6069,10/11/2025,11,0,0,116.1,7.5,8.1,9.5,10.1,91.2,null,null,178.4,2.4,1004.2,60.5,-5.7
6069,10/11/2025,12,0,0,253.6,8.7,10,9.5,10.1,85.7,null,null,172.8,2.5,1003.8,119,-4
6069,10/11/2025,13,0,0,127.2,8.9,9.7,9.6,10.1,83.8,null,null,170.7,2.6,1003.3,46.4,-2.3
6069,10/11/2025,14,0,0,64.3,8.8,9,9.7,10.1,84.8,null,null,157.8,2.1,1002.8,23.1,-1.1
6069,10/11/2025,15,0,0,34,8.7,8.6,9.7,10.1,85.3,null,null,166.1,1.9,1002.8,-4.1,-0.7
6069,10/11/2025,16,0,0,5.8,8.3,8,9.8,10.1,89.1,null,null,149.7,2.3,1002.6,-29.1,-1
6069,10/11/2025,17,0,0,0.1,8.3,8.2,9.8,10.1,90,null,null,158.6,2.6,1002.6,-17.3,-1.8
6069,10/11/2025,18,0,0,0.1,8.1,7.8,9.8,10.1,90.6,null,null,157,2.5,1002.6,-31.3,-2.4
6069,10/11/2025,19,0,0,0.1,8.1,7.8,9.8,10.1,91.3,null,null,149.5,2.5,1002.6,-22.5,-3
6069,10/11/2025,20,0,0,0.4,7.9,7.8,9.8,10.1,91.8,null,null,149.9,2.3,1002.3,-18.1,-3.4
6069,10/11/2025,21,0,0,0,8,7.9,9.8,10.1,91.1,null,null,146.1,3,1001.9,-19.7,-3.6
6069,10/11/2025,22,0,0,0.1,8.2,7.9,9.8,10.1,87.9,null,null,143.9,3.2,1001.6,-32,-3.8
6069,10/11/2025,23,0,0,0,7.8,7.1,9.7,10.1,87.9,null,null,138.6,3.1,1001.2,-65.9,-4.1
6069,11/11/2025,0,0,0,0,7.3,6.6,9.7,10.1,87.7,null,null,136.2,2.9,1000.7,-69.2,-4.8
6069,11/11/2025,1,0,0,0,6.9,6.3,9.6,10.1,90.6,null,null,148.5,2.5,1000.4,-48.3,-5.7
6069,11/11/2025,2,0,0,0,6.7,6.1,9.6,10.1,92.3,null,null,134.5,2.5,1000,-63.6,-6.3
6069,11/11/2025,3,0,0,0,6.4,5.9,9.5,10.1,93.5,null,null,131.4,2.6,999.5,-61.1,-6.8
6069,11/11/2025,4,0,0,0,6.2,5.8,9.5,10.1,94.1,null,null,142.6,2.6,999.2,-53,-7.4
6069,11/11/2025,5,0,0,0,6.6,6.2,9.4,10,93.4,null,null,133.9,2.8,998.7,-40.4,-7.8
6069,11/11/2025,6,0,0,0,6.9,6.6,9.4,10,92,null,null,148.5,3.1,998.7,-26.2,-7.8
6069,11/11/2025,7,0,0,0.4,7.2,6.9,9.3,10,89.2,null,null,149.1,3,998.6,-17,-7.6
6069,11/11/2025,8,0,0,11.6,7.4,7.2,9.3,10,89.4,null,null,147.5,3.1,998.6,-5.9,-7.2
6069,11/11/2025,9,0,0,41.9,7.6,7.5,9.3,9.9,90.6,null,null,143.4,3.2,998.8,10,-6.7
6069,11/11/2025,10,0,0,48.5,7.7,7.8,9.3,9.9,91.8,null,null,149.4,3.2,998.9,20,-6
6069,11/11/2025,11,0,0,59.9,7.9,8,9.3,9.9,93.7,null,null,148.6,3.3,998.9,32.6,-5.2
6069,11/11/2025,12,0,0,67.1,8.3,8.5,9.3,9.9,92.4,null,null,154.5,3.3,998.7,38.8,-4.4
6069,11/11/2025,13,0,0,89.6,8.9,9.1,9.3,9.9,90.2,null,null,176.5,3.4,998.7,53,-3.6
6069,11/11/2025,14,0,0,43.9,9.1,9.2,9.4,9.9,90.4,null,null,178.9,2.8,998.7,19.4,-2.6
6069,11/11/2025,15,0,0,18.8,9.3,9.2,9.4,9.9,91.2,null,null,184.8,2.1,999.1,-5.7,-1.9
6069,11/11/2025,16,0,0,3.8,9.3,8.6,9.5,9.8,91.8,null,null,181.2,1.8,999.5,-52.8,-1.7
6069,11/11/2025,17,0,0,0.1,8.7,7.8,9.5,9.9,94.2,null,null,186,1.6,999.9,-47.5,-2.1
6069,11/11/2025,18,0,0,0,8.8,8,9.5,9.9,94.3,null,null,198.4,1.8,1000.3,-51.8,-3
6069,11/11/2025,19,0,0,0,8.1,7,9.5,9.9,94.3,null,null,198.2,1.6,1000.7,-41.3,-3.8
6069,11/11/2025,20,0,0,0,7.7,6.6,9.5,9.9,94.2,null,null,186,1.9,1000.6,-32.1,-4.7
6069,11/11/2025,21,0,0,0,7.4,6.5,9.4,9.9,94.6,null,null,178.6,2.3,1000.7,-28,-5.6
6069,11/11/2025,22,0,0,0,7.8,7.4,9.3,9.9,95.5,null,null,180.1,3.1,1001,-13.8,-6.4
6069,11/11/2025,23,0,0,0.1,8.7,8.6,9.3,9.9,96.7,null,null,180.4,3,1001.2,-10.9,-6.4
6069,12/11/2025,0,0,0,0.1,9.5,9.3,9.3,9.8,null,null,null,183.7,3.6,1000.7,-14,-5.5
6069,12/11/2025,1,0,0,0,9.8,9.5,9.3,9.8,null,null,null,190.5,3.9,1000.6,-15.6,-4.5
6069,12/11/2025,2,0,0,0.1,9.7,9.3,9.3,9.8,null,null,null,183.4,4,1000,-22.3,-3.7
6069,12/11/2025,3,0,0,0.3,9.6,9.2,9.3,9.8,null,null,null,175.7,4.3,999.2,-17.6,-3.2
6069,12/11/2025,4,0,0,0,9.5,9.2,9.4,9.8,null,null,null,175.7,4.9,998.5,-27.6,-3
6069,12/11/2025,5,0,0,0.1,9.4,9,9.4,9.8,null,null,null,174.8,4.9,998,-24,-2.9
6069,12/11/2025,6,0,0,0.1,9.2,8.9,9.4,9.8,null,null,null,165.8,5,997.1,-28.1,-2.9
6069,12/11/2025,7,0,0,0,9.3,9,9.4,9.8,null,null,null,173.7,5.2,996.5,-25.2,-3
6069,12/11/2025,8,0,0,5.1,9.3,9,9.4,9.8,null,null,null,180.9,5.7,996.2,-19,-3.1
6069,12/11/2025,9,0.2,0,21.3,9.5,9.2,9.4,9.8,null,null,null,179.4,5.4,995.7,-2,-3.1
6069,12/11/2025,10,0,0,35.8,10.1,9.7,9.5,9.8,null,null,null,191,5.7,995.6,4.2,-2.8
6069,12/11/2025,11,0,0,36.3,10.3,10.1,9.5,9.8,null,null,null,197.2,5.1,995.4,null,-2.4
6069,12/11/2025,12,0.8,0,30.2,10.2,10.1,9.5,9.8,null,null,null,195,4.7,995.2,null,-1.8
6069,12/11/2025,13,0,0,17.1,10.7,10.5,9.5,9.8,null,null,null,204.3,4.4,995,null,-1.4
6069,12/11/2025,14,0,0,7666,11.3,11,9.6,9.8,null,null,null,212.2,4.2,994.9,null,-0.3
6069,12/11/2025,15,0,0,10.1,11.5,11.2,9.7,9.9,null,null,null,206.3,3.8,994.8,null,0.1
6069,12/11/2025,16,0,0,1.2,11.6,11.2,9.7,9.9,null,null,null,202.2,4,994.5,null,0.6
6069,12/11/2025,17,0,0,0.2,11.5,11.2,9.8,9.9,null,null,null,209.9,3.8,994.2,null,0.9
6069,12/11/2025,18,0.1,0,0.1,11.3,11.1,9.8,9.9,null,null,null,205.1,3.9,994,null,1.1
6069,12/11/2025,19,0.3,0,0,10.9,10.7,9.9,9.9,null,null,null,204,4.2,994,null,1.2
6069,12/11/2025,20,0.7,0,0.1,10.7,10.5,9.9,10,null,null,null,206.3,4,993.8,null,1.2
6069,12/11/2025,21,0.5,0,0,10.9,10.7,9.9,10,null,null,null,211.1,3.3,993.6,null,1.1
6069,12/11/2025,22,0.1,0,0.1,11.2,11,10,10,null,null,null,223.8,3.6,993.5,null,1.1
6069,12/11/2025,23,0.2,0,0.1,11.3,11.1,10,10,null,null,null,222.4,3.4,993.2,null,1.3
6069,13/11/2025,0,0.2,0,0.1,11.3,11.1,10,10.1,96,null,null,216.4,3.3,993,null,1.4
6069,13/11/2025,1,0.1,0,0.2,11.5,11.3,10.1,10.1,96,null,null,220.6,3.3,992.6,null,1.6
6069,13/11/2025,2,0.3,0,0.1,11.7,11.5,10.1,10.1,96.6,null,null,217.6,2.9,992.5,null,1.8
6069,13/11/2025,3,0,0,0.2,11.8,11.7,10.2,10.1,97,null,null,222.3,2.6,992.4,null,2
6069,13/11/2025,4,0.7,0,0.2,11.7,11.6,10.2,10.2,97.1,null,null,212,2.2,991.9,null,2.3
6069,13/11/2025,5,0.7,0,0.2,11.5,11.4,10.2,10.2,97.3,null,null,206.4,2.5,991.5,null,2.4
6069,13/11/2025,6,1.8,0,0.1,10.9,10.8,10.3,10.2,96.9,null,null,272.8,1.8,991.3,null,2.5
6069,13/11/2025,7,0.4,0,0.1,9.4,9.4,10.3,10.2,94.9,null,null,259,1.1,991.2,null,2.5
6069,13/11/2025,8,0.1,0,3.9,9.4,9.3,10.3,10.2,95.4,null,null,183,0.8,990.9,null,2
6069,13/11/2025,9,0,0,19.1,9.4,9.4,10.4,10.3,95.8,null,null,195.3,1.3,990.7,null,1.4
6069,13/11/2025,10,0,0,15.2,9.4,9.4,10.4,10.3,96.3,null,null,195.2,1.2,990.5,null,1.2
6069,13/11/2025,11,0.1,0,22.1,10.2,10.2,10.4,10.3,97.5,null,null,203.6,2.1,990.1,null,1.1
6069,13/11/2025,12,0,0,42.6,11.6,11.5,10.4,10.3,96.2,null,null,214.2,3.5,989.2,null,1.2
6069,13/11/2025,13,0,0,25.9,12.2,12,10.4,10.3,94.2,null,null,221.2,4.7,988.6,null,1.9
6069,13/11/2025,14,0,0,51.4,12.8,12.3,10.4,10.4,88,null,null,247,6.1,988,null,2.5
6069,13/11/2025,15,0.4,0,19.8,11.4,11.1,10.5,10.4,87,null,null,262,5.1,988.6,null,3.2
6069,13/11/2025,16,0,0,3.3,7.7,7.6,10.5,10.4,92.6,null,null,315,4.6,990.6,null,3.1
6069,13/11/2025,17,0,0,0.4,6.6,6.4,10.6,10.4,92.6,null,null,302.5,3.2,992.3,null,1.5
6069,13/11/2025,18,0,0,0.5,6.2,5.9,10.5,10.4,90.4,null,null,290.6,3.2,993.8,null,-0.7
6069,13/11/2025,19,0,0,0,5.9,5.4,10.4,10.5,87.7,null,null,286,2.7,995.1,null,-2.7
6069,13/11/2025,20,0,0,0,5,4.2,10.3,10.5,89.5,null,null,270.8,2.1,996.5,null,-4.3
6069,13/11/2025,21,0,0,0,4.7,3.8,10.2,10.5,91.8,null,null,268.6,1.3,997.4,null,-6
6069,13/11/2025,22,0,0,0,4.2,2.4,10.1,10.4,93.1,null,null,243.8,0.4,998.3,null,-7.5
6069,13/11/2025,23,0,0,0,3.3,0.8,10,10.4,93.7,null,null,215.8,0.1,998.4,null,-9.1
6069,14/11/2025,0,0,0,0,2.3,0.3,9.8,10.4,95.1,null,null,135.3,0.6,998.6,null,-10.9
6069,14/11/2025,1,0,0,0,2.2,0.3,9.6,10.3,96.4,null,null,128.4,0.6,998.8,null,-12.4
6069,14/11/2025,2,0,0,0,2,0.4,9.5,10.3,96.8,null,null,136.3,0.2,999.4,null,-13.6
6069,14/11/2025,3,0,0,0,1.6,0.3,9.3,10.2,96.9,null,null,140,0.6,999.8,null,-14.4
6069,14/11/2025,4,0,0,0.4,1.4,1,9.2,10.2,97.2,null,null,159.8,0.4,1000,null,-14.9
6069,14/11/2025,5,0,0,0,1.2,0.9,9,10.1,97.4,null,null,269.8,0.2,999.9,null,-14.9
6069,14/11/2025,6,0,0,0,0.9,0.6,8.9,10,97.3,null,null,327.7,0.1,1000.3,null,-14.8
6069,14/11/2025,7,0,0,0,1,0.7,8.8,10,97.4,null,null,327.7,0,1000.7,null,-14.8
6069,14/11/2025,8,0,0,14.2,1.4,0.7,8.7,9.9,97.5,null,null,327.2,0.1,1001.4,null,-14.8
6069,14/11/2025,9,0,0,50.7,2,1.4,8.6,9.8,97.7,null,null,132.6,0.3,1001.8,null,-15
6069,14/11/2025,10,0,0,72.3,2.1,2.7,8.5,9.8,97.7,null,null,25.3,0,1002.6,null,-14.7
6069,14/11/2025,11,0,0,157.7,4,5.6,8.4,9.7,98,null,null,167.2,0.5,1003,null,-14.1
6069,14/11/2025,12,0,0,132.6,5.1,6.2,8.4,9.6,97.8,null,null,309.3,0.9,1003.2,null,-12.5
6069,14/11/2025,13,0,0,116.7,5.1,5.9,8.4,9.6,96.9,null,null,287.5,0.8,1003.1,null,-9.9
6069,14/11/2025,14,0,0,61.2,4.8,5,8.5,9.5,95.2,null,null,339.4,0.5,1002.9,null,-8.3
6069,14/11/2025,15,0,0,33.9,4.1,3.1,8.5,9.5,94.8,null,null,358.3,0,1003.1,null,-8.2
6069,14/11/2025,16,0,0,3.9,3.1,1.1,8.5,9.4,95,null,null,358.3,0,1003.5,null,-9.6
6069,14/11/2025,17,0,0,0,2.4,0.2,8.4,9.4,95.8,null,null,313.5,0.3,1003.8,null,-11.2
6069,14/11/2025,18,0,0,0.1,2.1,0,8.3,9.4,96.8,null,null,254.1,0.4,1004.6,null,-12.7
6069,14/11/2025,19,0,0,0,1.6,-0.2,8.2,9.4,97.1,null,null,300.9,0.7,1005.5,null,-13.8
6069,14/11/2025,20,0,0,0,1.1,-0.1,8.1,9.3,96.3,null,null,246.4,0.8,1006.2,null,-14.8
6069,14/11/2025,21,0,0,0,0.6,-0.6,8,9.3,89.4,null,null,250.7,0.9,1006.9,null,-15.5
6069,14/11/2025,22,0,0,0,0.2,-1.8,7.9,9.2,86.7,null,null,306.7,0.2,1007.7,null,-16.1
6069,14/11/2025,23,0,0,0,0.6,-0.9,7.8,9.2,83.5,null,null,144.2,0.2,1008,null,-16.8
6069,15/11/2025,0,0,0,0,0.8,-0.5,7.7,9.1,81.8,null,null,62.9,0.3,1008.6,null,-17.6
6069,15/11/2025,1,0,0,0,0.7,-0.5,7.5,9,82.4,null,null,65.9,0.7,1009,null,-18.1
6069,15/11/2025,2,0,0,0,0.1,-1.9,7.4,9,85,null,null,189.4,0,1009.5,null,-18.4
6069,15/11/2025,3,0,0,0,-1,-3.8,7.3,8.9,88.4,null,null,349.2,0,1009.6,null,-18.9
6069,15/11/2025,4,0,0,0,-1,-3.3,7.2,8.8,90.4,null,null,282.8,0,1009.8,null,-19.9
6069,15/11/2025,5,0,0,0,-0.5,-2.4,7.1,8.8,84.8,null,null,156.2,0,1010.4,null,-20.8
6069,15/11/2025,6,0,0,0,-0.9,-3.1,6.9,8.7,83.4,null,null,212.4,0,1010.5,null,-21.3
6069,15/11/2025,7,0,0,0,-1.3,-4.3,6.8,8.6,87.7,null,null,132.8,0,1010.7,null,-21.9
6069,15/11/2025,8,0,0,41,-1.2,-4,6.7,8.5,88.6,null,null,100.9,0,1011.4,null,-22.8
6069,15/11/2025,9,0,0,151.1,-0.3,-0.1,6.5,8.5,88.6,null,null,74.9,0.3,1012,null,-23.6
6069,15/11/2025,10,0,0,130.3,1.5,4.1,6.4,8.4,86.5,null,null,158.1,0.4,1012.6,null,-23.6
6069,15/11/2025,11,0,0,210.8,3.3,5.5,6.3,8.3,78.6,null,null,104.9,1.2,1012.2,null,-22.6
6069,15/11/2025,12,0,0,263.5,4,6.4,6.2,8.2,76.9,null,null,88.9,1.3,1011.5,null,-20.7
6069,15/11/2025,13,0,0,231.8,4.7,7,6.2,8.1,74.9,null,null,89.3,1.3,1010.7,null,-18.3
6069,15/11/2025,14,0,0,162.9,4.7,6.6,6.3,8,73.8,null,null,87.5,1.2,1010.1,null,-15.9
6069,15/11/2025,15,0,0,75.6,4.1,5.1,6.3,8,75.2,null,null,90.1,0.8,1009.7,null,-14.2
6069,15/11/2025,16,0,0,6,2.7,1.2,6.4,7.9,78.4,null,null,73.9,0.5,1009.2,null,-13.8
6069,15/11/2025,17,0,0,0,1.6,-1.3,6.4,7.9,83.1,null,null,57.1,0.2,1008.6,null,-14.5
6069,15/11/2025,18,0,0,0,0.7,-2.5,6.4,7.9,86.2,null,null,74.2,0.3,1008.1,null,-15.9
6069,15/11/2025,19,0,0,0,0.2,-2.8,6.3,7.9,88.7,null,null,90.9,0.4,1007.6,null,-17.6
6069,15/11/2025,20,0,0,0,-0.8,-3,6.2,7.8,90.2,null,null,255.1,0.2,1007.1,null,-19.2
6069,15/11/2025,21,0,0,0,-1.4,-3,6,7.8,92.7,null,null,140,0.2,1006.8,null,-20.1
6069,15/11/2025,22,0,0,0,-2,-3.8,5.9,7.7,93.6,null,null,210.2,0.1,1006,null,-20.5
6069,15/11/2025,23,0,0,0,-2.3,-3.8,5.8,7.7,94.7,null,null,192.3,0,1005.2,null,-20.9
6069,16/11/2025,0,0,0,0.1,-2.4,-3.8,5.7,7.6,95.6,null,null,281,0.1,1004.6,null,-21.4
6069,16/11/2025,1,0,0,0.4,-2.5,-3.5,5.6,7.6,95.8,null,null,349.5,0,1003.6,null,-21.8
6069,16/11/2025,2,0,0,0,-2.8,-4.1,5.5,7.5,95.7,null,null,349.5,0,1002.9,null,-21.9
6069,16/11/2025,3,0,0,0,-3.4,-5.2,5.4,7.4,95.4,null,null,331.2,0.1,1002.2,null,-22.1
6069,16/11/2025,4,0,0,0,-3.4,-5.5,5.3,7.4,95.2,null,null,260.7,0,1001.5,null,-22.9
6069,16/11/2025,5,0,0,0,-2.5,-4.9,5.2,7.3,93.3,null,null,227.8,0.3,1000.8,null,-23.6
6069,16/11/2025,6,0,0,0.2,-2,-4,5.1,7.2,91.1,null,null,220.2,0.5,1000.1,null,-24.1
6069,16/11/2025,7,0,0,0.2,-1.4,-2.4,5,7.1,86.8,null,null,233.8,1.1,999.5,null,-24.2
6069,16/11/2025,8,0,0,20.1,-1.5,-2.5,4.9,7.1,80.7,null,null,218.1,1.3,998.9,null,-23.8
6069,16/11/2025,9,0,0,82.5,0.1,-0.3,4.8,7,82.5,null,null,239.4,1.6,998.7,null,-23.1
6069,16/11/2025,10,0,0,108.1,1.5,1.2,4.7,6.9,84,null,null,240.4,1.8,998.3,null,-22
6069,16/11/2025,11,0,0,128.4,2.5,2.8,4.7,6.9,83.5,null,null,234.5,1.8,997.9,null,-20.4
6069,16/11/2025,12,0,0,96.8,2.7,2.8,4.7,6.8,85.1,null,null,231.1,1.8,996.9,null,-18.1
6069,16/11/2025,13,0,0,83.9,3.6,3.6,4.8,6.7,84.8,null,null,238.8,2.2,996.2,null,-16.1
6069,16/11/2025,14,0,0,72.5,3.9,3.6,4.9,6.7,87,null,null,246.8,2.3,995.1,null,-14.7
6069,16/11/2025,15,0,0,68.2,4.6,4.8,4.9,6.7,86.2,null,null,254.2,2.5,994.4,null,-13.7
6069,16/11/2025,16,0,0,4.6,4.5,4,5,6.6,89.2,null,null,250.7,2.6,993.7,null,-12.7
6069,16/11/2025,17,0,0,0,4.5,3.9,5.1,6.6,91.6,null,null,259.6,2.5,993.3,null,-12
6069,16/11/2025,18,0,0,0,3.8,2.8,5.1,6.6,93.9,null,null,262,2,992.9,null,-11.7
6069,16/11/2025,19,0,0,0,3.4,2.3,5.2,6.6,92.6,null,null,266.6,2,992.7,null,-11.9
6069,16/11/2025,20,0,0,0,3,1.9,5.2,6.6,90.4,null,null,275.7,1.8,992.5,null,-12.3
6069,16/11/2025,21,0,0,0,2.7,1.5,5.2,6.6,90.1,null,null,283.7,2,992.3,null,-12.8
6069,16/11/2025,22,0,0,0,2.6,1.3,5.2,6.6,86.7,null,null,289.7,1.9,992.1,null,-13.3
6069,16/11/2025,23,0,0,0,2.4,0.9,5.2,6.6,81.9,null,null,292.4,1.9,991.9,null,-13.8
